mean_speed_kmh,bus_type,level_of_loading,incline,t_amb,consumption_kwh_per_km,total_energy,heating_energy,heating_energy_el,ventilation_energy,other_energy,aux_energy,traction_power_fr_bat_wout_recup,traction_power_fr_bat_w_recup,recuperation_energy,traction_power_loss,energy_loss,distance
2.626,ebus2030_w_diesel_14m,0.0,-0.05,-20,9.461,0.571,0.763,0.438,0.014,0.082,0.532,0.01,0.01,0.0,0.111,0.111,59.699
2.626,ebus2030_w_diesel_14m,0.0,-0.05,-15,7.215,0.435,0.634,0.31,0.014,0.082,0.404,0.01,0.01,0.0,0.111,0.111,59.699
2.626,ebus2030_w_diesel_14m,0.0,-0.05,-10,5.035,0.304,0.509,0.185,0.014,0.082,0.279,0.01,0.01,0.0,0.111,0.111,59.699
2.626,ebus2030_w_diesel_14m,0.0,-0.05,-5,2.92,0.176,0.388,0.063,0.014,0.082,0.158,0.01,0.01,0.0,0.111,0.111,59.699
2.626,ebus2030_w_diesel_14m,0.0,-0.05,0,1.814,0.109,0.315,0.0,0.014,0.082,0.094,0.01,0.01,0.0,0.111,0.111,59.699
2.626,ebus2030_w_diesel_14m,0.0,-0.05,5,6.072,0.366,0.244,0.244,0.014,0.082,0.338,0.01,0.01,0.0,0.111,0.111,59.699
2.626,ebus2030_w_diesel_14m,0.0,-0.05,10,4.106,0.248,0.131,0.131,0.014,0.082,0.225,0.01,0.01,0.0,0.111,0.111,59.699
2.626,ebus2030_w_diesel_14m,0.0,-0.05,15,2.191,0.132,0.022,0.022,0.014,0.082,0.116,0.01,0.01,0.0,0.111,0.111,59.699
2.626,ebus2030_w_diesel_14m,0.0,-0.05,20,1.814,0.109,0.0,0.0,0.014,0.082,0.094,0.01,0.01,0.0,0.111,0.111,59.699
2.626,ebus2030_w_diesel_14m,0.0,-0.05,25,2.304,0.139,-0.042,0.028,0.014,0.082,0.122,0.01,0.01,0.0,0.111,0.111,59.699
2.626,ebus2030_w_diesel_14m,0.0,-0.05,30,3.024,0.182,-0.104,0.069,0.014,0.082,0.164,0.01,0.01,0.0,0.111,0.111,59.699
2.626,ebus2030_w_diesel_14m,0.0,0.0,-20,9.922,0.599,0.763,0.438,0.014,0.082,0.532,0.038,0.038,0.0,0.023,0.023,59.699
2.626,ebus2030_w_diesel_14m,0.0,0.0,-15,7.676,0.463,0.634,0.31,0.014,0.082,0.404,0.038,0.038,0.0,0.023,0.023,59.699
2.626,ebus2030_w_diesel_14m,0.0,0.0,-10,5.496,0.332,0.509,0.185,0.014,0.082,0.279,0.038,0.038,0.0,0.023,0.023,59.699
2.626,ebus2030_w_diesel_14m,0.0,0.0,-5,3.38,0.204,0.388,0.063,0.014,0.082,0.158,0.038,0.038,0.0,0.023,0.023,59.699
2.626,ebus2030_w_diesel_14m,0.0,0.0,0,2.275,0.137,0.315,0.0,0.014,0.082,0.094,0.038,0.038,0.0,0.023,0.023,59.699
2.626,ebus2030_w_diesel_14m,0.0,0.0,5,6.532,0.394,0.244,0.244,0.014,0.082,0.338,0.038,0.038,0.0,0.023,0.023,59.699
2.626,ebus2030_w_diesel_14m,0.0,0.0,10,4.566,0.276,0.131,0.131,0.014,0.082,0.225,0.038,0.038,0.0,0.023,0.023,59.699
2.626,ebus2030_w_diesel_14m,0.0,0.0,15,2.651,0.16,0.022,0.022,0.014,0.082,0.116,0.038,0.038,0.0,0.023,0.023,59.699
2.626,ebus2030_w_diesel_14m,0.0,0.0,20,2.274,0.137,0.0,0.0,0.014,0.082,0.094,0.038,0.038,0.0,0.023,0.023,59.699
2.626,ebus2030_w_diesel_14m,0.0,0.0,25,2.764,0.167,-0.042,0.028,0.014,0.082,0.122,0.038,0.038,0.0,0.023,0.023,59.699
2.626,ebus2030_w_diesel_14m,0.0,0.0,30,3.485,0.21,-0.104,0.069,0.014,0.082,0.164,0.038,0.038,0.0,0.023,0.023,59.699
2.626,ebus2030_w_diesel_14m,0.0,0.05,-20,11.754,0.709,0.763,0.438,0.014,0.082,0.532,0.149,0.149,0.0,0.019,0.019,59.699
2.626,ebus2030_w_diesel_14m,0.0,0.05,-15,9.508,0.574,0.634,0.31,0.014,0.082,0.404,0.149,0.149,0.0,0.019,0.019,59.699
2.626,ebus2030_w_diesel_14m,0.0,0.05,-10,7.328,0.442,0.509,0.185,0.014,0.082,0.279,0.149,0.149,0.0,0.019,0.019,59.699
2.626,ebus2030_w_diesel_14m,0.0,0.05,-5,5.212,0.314,0.388,0.063,0.014,0.082,0.158,0.149,0.149,0.0,0.019,0.019,59.699
2.626,ebus2030_w_diesel_14m,0.0,0.05,0,4.107,0.248,0.315,0.0,0.014,0.082,0.094,0.149,0.149,0.0,0.019,0.019,59.699
2.626,ebus2030_w_diesel_14m,0.0,0.05,5,8.364,0.505,0.244,0.244,0.014,0.082,0.338,0.149,0.149,0.0,0.019,0.019,59.699
2.626,ebus2030_w_diesel_14m,0.0,0.05,10,6.398,0.386,0.131,0.131,0.014,0.082,0.225,0.149,0.149,0.0,0.019,0.019,59.699
2.626,ebus2030_w_diesel_14m,0.0,0.05,15,4.483,0.271,0.022,0.022,0.014,0.082,0.116,0.149,0.149,0.0,0.019,0.019,59.699
2.626,ebus2030_w_diesel_14m,0.0,0.05,20,4.106,0.248,0.0,0.0,0.014,0.082,0.094,0.149,0.149,0.0,0.019,0.019,59.699
2.626,ebus2030_w_diesel_14m,0.0,0.05,25,4.596,0.277,-0.042,0.028,0.014,0.082,0.122,0.149,0.149,0.0,0.019,0.019,59.699
2.626,ebus2030_w_diesel_14m,0.0,0.05,30,5.316,0.321,-0.104,0.069,0.014,0.082,0.164,0.149,0.149,0.0,0.019,0.019,59.699
2.626,ebus2030_w_diesel_14m,0.5,-0.05,-20,7.716,0.466,0.661,0.336,0.014,0.082,0.43,0.013,0.013,0.0,0.134,0.134,59.699
2.626,ebus2030_w_diesel_14m,0.5,-0.05,-15,5.47,0.33,0.532,0.207,0.014,0.082,0.302,0.013,0.013,0.0,0.134,0.134,59.699
2.626,ebus2030_w_diesel_14m,0.5,-0.05,-10,3.29,0.199,0.407,0.083,0.014,0.082,0.177,0.013,0.013,0.0,0.134,0.134,59.699
2.626,ebus2030_w_diesel_14m,0.5,-0.05,-5,1.85,0.112,0.286,0.0,0.014,0.082,0.094,0.013,0.013,0.0,0.134,0.134,59.699
2.626,ebus2030_w_diesel_14m,0.5,-0.05,0,1.85,0.112,0.213,0.0,0.014,0.082,0.094,0.013,0.013,0.0,0.134,0.134,59.699
2.626,ebus2030_w_diesel_14m,0.5,-0.05,5,4.327,0.261,0.142,0.142,0.014,0.082,0.236,0.013,0.013,0.0,0.134,0.134,59.699
2.626,ebus2030_w_diesel_14m,0.5,-0.05,10,2.361,0.142,0.029,0.029,0.014,0.082,0.123,0.013,0.013,0.0,0.134,0.134,59.699
2.626,ebus2030_w_diesel_14m,0.5,-0.05,15,2.787,0.168,-0.081,0.054,0.014,0.082,0.148,0.013,0.013,0.0,0.134,0.134,59.699
2.626,ebus2030_w_diesel_14m,0.5,-0.05,20,3.038,0.183,-0.102,0.068,0.014,0.082,0.162,0.013,0.013,0.0,0.134,0.134,59.699
2.626,ebus2030_w_diesel_14m,0.5,-0.05,25,3.528,0.213,-0.144,0.096,0.014,0.082,0.19,0.013,0.013,0.0,0.134,0.134,59.699
2.626,ebus2030_w_diesel_14m,0.5,-0.05,30,4.248,0.256,-0.206,0.137,0.014,0.082,0.232,0.013,0.013,0.0,0.134,0.134,59.699
2.626,ebus2030_w_diesel_14m,0.5,0.0,-20,8.274,0.499,0.661,0.336,0.014,0.082,0.43,0.046,0.046,0.0,0.028,0.028,59.699
2.626,ebus2030_w_diesel_14m,0.5,0.0,-15,6.027,0.364,0.532,0.207,0.014,0.082,0.302,0.046,0.046,0.0,0.028,0.028,59.699
2.626,ebus2030_w_diesel_14m,0.5,0.0,-10,3.848,0.232,0.407,0.083,0.014,0.082,0.177,0.046,0.046,0.0,0.028,0.028,59.699
2.626,ebus2030_w_diesel_14m,0.5,0.0,-5,2.408,0.145,0.286,0.0,0.014,0.082,0.094,0.046,0.046,0.0,0.028,0.028,59.699
2.626,ebus2030_w_diesel_14m,0.5,0.0,0,2.408,0.145,0.213,0.0,0.014,0.082,0.094,0.046,0.046,0.0,0.028,0.028,59.699
2.626,ebus2030_w_diesel_14m,0.5,0.0,5,4.884,0.295,0.142,0.142,0.014,0.082,0.236,0.046,0.046,0.0,0.028,0.028,59.699
2.626,ebus2030_w_diesel_14m,0.5,0.0,10,2.918,0.176,0.029,0.029,0.014,0.082,0.123,0.046,0.046,0.0,0.028,0.028,59.699
2.626,ebus2030_w_diesel_14m,0.5,0.0,15,3.344,0.202,-0.081,0.054,0.014,0.082,0.148,0.046,0.046,0.0,0.028,0.028,59.699
2.626,ebus2030_w_diesel_14m,0.5,0.0,20,3.595,0.217,-0.102,0.068,0.014,0.082,0.162,0.046,0.046,0.0,0.028,0.028,59.699
2.626,ebus2030_w_diesel_14m,0.5,0.0,25,4.085,0.246,-0.144,0.096,0.014,0.082,0.19,0.046,0.046,0.0,0.028,0.028,59.699
2.626,ebus2030_w_diesel_14m,0.5,0.0,30,4.805,0.29,-0.206,0.137,0.014,0.082,0.232,0.046,0.046,0.0,0.028,0.028,59.699
2.626,ebus2030_w_diesel_14m,0.5,0.05,-20,10.493,0.633,0.661,0.336,0.014,0.082,0.43,0.18,0.18,0.0,0.023,0.023,59.699
2.626,ebus2030_w_diesel_14m,0.5,0.05,-15,8.247,0.498,0.532,0.207,0.014,0.082,0.302,0.18,0.18,0.0,0.023,0.023,59.699
2.626,ebus2030_w_diesel_14m,0.5,0.05,-10,6.067,0.366,0.407,0.083,0.014,0.082,0.177,0.18,0.18,0.0,0.023,0.023,59.699
2.626,ebus2030_w_diesel_14m,0.5,0.05,-5,4.627,0.279,0.286,0.0,0.014,0.082,0.094,0.18,0.18,0.0,0.023,0.023,59.699
2.626,ebus2030_w_diesel_14m,0.5,0.05,0,4.627,0.279,0.213,0.0,0.014,0.082,0.094,0.18,0.18,0.0,0.023,0.023,59.699
2.626,ebus2030_w_diesel_14m,0.5,0.05,5,7.103,0.429,0.142,0.142,0.014,0.082,0.236,0.18,0.18,0.0,0.023,0.023,59.699
2.626,ebus2030_w_diesel_14m,0.5,0.05,10,5.137,0.31,0.029,0.029,0.014,0.082,0.123,0.18,0.18,0.0,0.023,0.023,59.699
2.626,ebus2030_w_diesel_14m,0.5,0.05,15,5.563,0.336,-0.081,0.054,0.014,0.082,0.148,0.18,0.18,0.0,0.023,0.023,59.699
2.626,ebus2030_w_diesel_14m,0.5,0.05,20,5.814,0.351,-0.102,0.068,0.014,0.082,0.162,0.18,0.18,0.0,0.023,0.023,59.699
2.626,ebus2030_w_diesel_14m,0.5,0.05,25,6.304,0.38,-0.144,0.096,0.014,0.082,0.19,0.18,0.18,0.0,0.023,0.023,59.699
2.626,ebus2030_w_diesel_14m,0.5,0.05,30,7.025,0.424,-0.206,0.137,0.014,0.082,0.232,0.18,0.18,0.0,0.023,0.023,59.699
2.626,ebus2030_w_diesel_14m,1.0,-0.05,-20,5.971,0.36,0.559,0.234,0.014,0.082,0.328,0.015,0.015,0.0,0.157,0.157,59.699
2.626,ebus2030_w_diesel_14m,1.0,-0.05,-15,3.725,0.225,0.43,0.105,0.014,0.082,0.2,0.015,0.015,0.0,0.157,0.157,59.699
2.626,ebus2030_w_diesel_14m,1.0,-0.05,-10,1.887,0.114,0.305,0.0,0.014,0.082,0.094,0.015,0.015,0.0,0.157,0.157,59.699
2.626,ebus2030_w_diesel_14m,1.0,-0.05,-5,1.887,0.114,0.184,0.0,0.014,0.082,0.094,0.015,0.015,0.0,0.157,0.157,59.699
2.626,ebus2030_w_diesel_14m,1.0,-0.05,0,1.887,0.114,0.111,0.0,0.014,0.082,0.094,0.015,0.015,0.0,0.157,0.157,59.699
2.626,ebus2030_w_diesel_14m,1.0,-0.05,5,2.582,0.156,0.04,0.04,0.014,0.082,0.134,0.015,0.015,0.0,0.157,0.157,59.699
2.626,ebus2030_w_diesel_14m,1.0,-0.05,10,2.734,0.165,-0.073,0.049,0.014,0.082,0.143,0.015,0.015,0.0,0.157,0.157,59.699
2.626,ebus2030_w_diesel_14m,1.0,-0.05,15,4.01,0.242,-0.183,0.122,0.014,0.082,0.216,0.015,0.015,0.0,0.157,0.157,59.699
2.626,ebus2030_w_diesel_14m,1.0,-0.05,20,4.262,0.257,-0.204,0.136,0.014,0.082,0.23,0.015,0.015,0.0,0.157,0.157,59.699
2.626,ebus2030_w_diesel_14m,1.0,-0.05,25,4.752,0.287,-0.246,0.164,0.014,0.082,0.258,0.015,0.015,0.0,0.157,0.157,59.699
2.626,ebus2030_w_diesel_14m,1.0,-0.05,30,5.472,0.33,-0.308,0.206,0.014,0.082,0.3,0.015,0.015,0.0,0.157,0.157,59.699
2.626,ebus2030_w_diesel_14m,1.0,0.0,-20,6.626,0.4,0.559,0.234,0.014,0.082,0.328,0.054,0.054,0.0,0.033,0.033,59.699
2.626,ebus2030_w_diesel_14m,1.0,0.0,-15,4.379,0.264,0.43,0.105,0.014,0.082,0.2,0.054,0.054,0.0,0.033,0.033,59.699
2.626,ebus2030_w_diesel_14m,1.0,0.0,-10,2.541,0.153,0.305,0.0,0.014,0.082,0.094,0.054,0.054,0.0,0.033,0.033,59.699
2.626,ebus2030_w_diesel_14m,1.0,0.0,-5,2.541,0.153,0.184,0.0,0.014,0.082,0.094,0.054,0.054,0.0,0.033,0.033,59.699
2.626,ebus2030_w_diesel_14m,1.0,0.0,0,2.541,0.153,0.111,0.0,0.014,0.082,0.094,0.054,0.054,0.0,0.033,0.033,59.699
2.626,ebus2030_w_diesel_14m,1.0,0.0,5,3.236,0.195,0.04,0.04,0.014,0.082,0.134,0.054,0.054,0.0,0.033,0.033,59.699
2.626,ebus2030_w_diesel_14m,1.0,0.0,10,3.388,0.204,-0.073,0.049,0.014,0.082,0.143,0.054,0.054,0.0,0.033,0.033,59.699
2.626,ebus2030_w_diesel_14m,1.0,0.0,15,4.665,0.281,-0.183,0.122,0.014,0.082,0.216,0.054,0.054,0.0,0.033,0.033,59.699
2.626,ebus2030_w_diesel_14m,1.0,0.0,20,4.916,0.297,-0.204,0.136,0.014,0.082,0.23,0.054,0.054,0.0,0.033,0.033,59.699
2.626,ebus2030_w_diesel_14m,1.0,0.0,25,5.406,0.326,-0.246,0.164,0.014,0.082,0.258,0.054,0.054,0.0,0.033,0.033,59.699
2.626,ebus2030_w_diesel_14m,1.0,0.0,30,6.126,0.37,-0.308,0.206,0.014,0.082,0.3,0.054,0.054,0.0,0.033,0.033,59.699
2.626,ebus2030_w_diesel_14m,1.0,0.05,-20,9.232,0.557,0.559,0.234,0.014,0.082,0.328,0.212,0.212,0.0,0.027,0.027,59.699
2.626,ebus2030_w_diesel_14m,1.0,0.05,-15,6.986,0.422,0.43,0.105,0.014,0.082,0.2,0.212,0.212,0.0,0.027,0.027,59.699
2.626,ebus2030_w_diesel_14m,1.0,0.05,-10,5.148,0.311,0.305,0.0,0.014,0.082,0.094,0.212,0.212,0.0,0.027,0.027,59.699
2.626,ebus2030_w_diesel_14m,1.0,0.05,-5,5.148,0.311,0.184,0.0,0.014,0.082,0.094,0.212,0.212,0.0,0.027,0.027,59.699
2.626,ebus2030_w_diesel_14m,1.0,0.05,0,5.148,0.311,0.111,0.0,0.014,0.082,0.094,0.212,0.212,0.0,0.027,0.027,59.699
2.626,ebus2030_w_diesel_14m,1.0,0.05,5,5.843,0.353,0.04,0.04,0.014,0.082,0.134,0.212,0.212,0.0,0.027,0.027,59.699
2.626,ebus2030_w_diesel_14m,1.0,0.05,10,5.995,0.362,-0.073,0.049,0.014,0.082,0.143,0.211,0.211,0.0,0.027,0.027,59.699
2.626,ebus2030_w_diesel_14m,1.0,0.05,15,7.271,0.439,-0.183,0.122,0.014,0.082,0.216,0.211,0.211,0.0,0.027,0.027,59.699
2.626,ebus2030_w_diesel_14m,1.0,0.05,20,7.523,0.454,-0.204,0.136,0.014,0.082,0.23,0.211,0.211,0.0,0.027,0.027,59.699
2.626,ebus2030_w_diesel_14m,1.0,0.05,25,8.013,0.483,-0.246,0.164,0.014,0.082,0.258,0.211,0.211,0.0,0.027,0.027,59.699
2.626,ebus2030_w_diesel_14m,1.0,0.05,30,8.733,0.527,-0.308,0.206,0.014,0.082,0.3,0.211,0.211,0.0,0.027,0.027,59.699
12.115,ebus2030_w_diesel_14m,0.0,-0.05,-20,7.994,4.169,4.974,4.369,0.025,0.152,4.544,0.183,-0.615,0.798,0.237,0.237,521.45
12.115,ebus2030_w_diesel_14m,0.0,-0.05,-15,5.759,3.003,3.868,3.262,0.025,0.152,3.438,0.182,-0.616,0.798,0.237,0.237,521.45
12.115,ebus2030_w_diesel_14m,0.0,-0.05,-10,3.764,1.963,2.88,2.274,0.025,0.152,2.45,0.182,-0.616,0.798,0.237,0.237,521.45
12.115,ebus2030_w_diesel_14m,0.0,-0.05,-5,2.004,1.045,2.008,1.403,0.025,0.152,1.578,0.182,-0.616,0.799,0.237,0.237,521.45
12.115,ebus2030_w_diesel_14m,0.0,-0.05,0,1.034,0.539,1.528,0.922,0.025,0.152,1.098,0.182,-0.617,0.799,0.237,0.237,521.45
12.115,ebus2030_w_diesel_14m,0.0,-0.05,5,1.39,0.725,1.099,1.099,0.025,0.152,1.275,0.182,-0.617,0.799,0.237,0.237,521.45
12.115,ebus2030_w_diesel_14m,0.0,-0.05,10,0.189,0.099,0.505,0.505,0.025,0.152,0.681,0.182,-0.618,0.8,0.237,0.237,521.45
12.115,ebus2030_w_diesel_14m,0.0,-0.05,15,-0.709,-0.37,0.06,0.06,0.025,0.152,0.236,0.182,-0.618,0.8,0.237,0.237,521.45
12.115,ebus2030_w_diesel_14m,0.0,-0.05,20,-0.831,-0.433,0.0,0.0,0.025,0.152,0.176,0.182,-0.619,0.8,0.237,0.237,521.45
12.115,ebus2030_w_diesel_14m,0.0,-0.05,25,-0.659,-0.344,-0.129,0.086,0.025,0.152,0.262,0.181,-0.619,0.8,0.237,0.237,521.45
12.115,ebus2030_w_diesel_14m,0.0,-0.05,30,-0.328,-0.171,-0.375,0.25,0.025,0.152,0.426,0.181,-0.619,0.801,0.237,0.237,521.45
12.115,ebus2030_w_diesel_14m,0.0,0.0,-20,9.782,5.101,4.974,4.369,0.025,0.152,4.544,0.604,0.317,0.287,0.17,0.17,521.45
12.115,ebus2030_w_diesel_14m,0.0,0.0,-15,7.547,3.935,3.868,3.262,0.025,0.152,3.438,0.603,0.317,0.287,0.17,0.17,521.45
12.115,ebus2030_w_diesel_14m,0.0,0.0,-10,5.551,2.895,2.88,2.274,0.025,0.152,2.45,0.603,0.316,0.287,0.17,0.17,521.45
12.115,ebus2030_w_diesel_14m,0.0,0.0,-5,3.791,1.977,2.008,1.403,0.025,0.152,1.578,0.602,0.316,0.287,0.17,0.17,521.45
12.115,ebus2030_w_diesel_14m,0.0,0.0,0,2.821,1.471,1.528,0.922,0.025,0.152,1.098,0.602,0.315,0.287,0.17,0.17,521.45
12.115,ebus2030_w_diesel_14m,0.0,0.0,5,3.177,1.657,1.099,1.099,0.025,0.152,1.275,0.602,0.315,0.287,0.17,0.17,521.45
12.115,ebus2030_w_diesel_14m,0.0,0.0,10,1.976,1.031,0.505,0.505,0.025,0.152,0.681,0.601,0.314,0.287,0.17,0.17,521.45
12.115,ebus2030_w_diesel_14m,0.0,0.0,15,1.078,0.562,0.06,0.06,0.025,0.152,0.236,0.601,0.314,0.287,0.17,0.17,521.45
12.115,ebus2030_w_diesel_14m,0.0,0.0,20,0.956,0.498,0.0,0.0,0.025,0.152,0.176,0.601,0.313,0.287,0.17,0.17,521.45
12.115,ebus2030_w_diesel_14m,0.0,0.0,25,1.128,0.588,-0.129,0.086,0.025,0.152,0.262,0.6,0.313,0.288,0.17,0.17,521.45
12.115,ebus2030_w_diesel_14m,0.0,0.0,30,1.459,0.761,-0.375,0.25,0.025,0.152,0.426,0.6,0.312,0.288,0.17,0.17,521.45
12.115,ebus2030_w_diesel_14m,0.0,0.05,-20,11.709,6.106,4.974,4.369,0.025,0.152,4.544,1.41,1.322,0.087,0.177,0.177,521.45
12.115,ebus2030_w_diesel_14m,0.0,0.05,-15,9.474,4.94,3.868,3.262,0.025,0.152,3.438,1.409,1.322,0.088,0.177,0.177,521.45
12.115,ebus2030_w_diesel_14m,0.0,0.05,-10,7.479,3.9,2.88,2.274,0.025,0.152,2.45,1.409,1.321,0.088,0.177,0.177,521.45
12.115,ebus2030_w_diesel_14m,0.0,0.05,-5,5.719,2.982,2.008,1.403,0.025,0.152,1.578,1.409,1.321,0.088,0.177,0.177,521.45
12.115,ebus2030_w_diesel_14m,0.0,0.05,0,4.749,2.476,1.528,0.922,0.025,0.152,1.098,1.408,1.32,0.088,0.177,0.177,521.45
12.115,ebus2030_w_diesel_14m,0.0,0.05,5,5.105,2.662,1.099,1.099,0.025,0.152,1.275,1.408,1.32,0.088,0.177,0.177,521.45
12.115,ebus2030_w_diesel_14m,0.0,0.05,10,3.904,2.036,0.505,0.505,0.025,0.152,0.681,1.407,1.319,0.088,0.176,0.176,521.45
12.115,ebus2030_w_diesel_14m,0.0,0.05,15,3.006,1.567,0.06,0.06,0.025,0.152,0.236,1.407,1.319,0.088,0.176,0.176,521.45
12.115,ebus2030_w_diesel_14m,0.0,0.05,20,2.883,1.504,0.0,0.0,0.025,0.152,0.176,1.407,1.318,0.088,0.176,0.176,521.45
12.115,ebus2030_w_diesel_14m,0.0,0.05,25,3.056,1.593,-0.129,0.086,0.025,0.152,0.262,1.406,1.318,0.088,0.176,0.176,521.45
12.115,ebus2030_w_diesel_14m,0.0,0.05,30,3.387,1.766,-0.375,0.25,0.025,0.152,0.426,1.406,1.318,0.088,0.176,0.176,521.45
12.115,ebus2030_w_diesel_14m,0.5,-0.05,-20,7.349,3.832,4.784,4.178,0.025,0.152,4.354,0.22,-0.751,0.97,0.287,0.287,521.45
12.115,ebus2030_w_diesel_14m,0.5,-0.05,-15,5.114,2.667,3.677,3.071,0.025,0.152,3.247,0.22,-0.751,0.971,0.287,0.287,521.45
12.115,ebus2030_w_diesel_14m,0.5,-0.05,-10,3.119,1.626,2.689,2.083,0.025,0.152,2.259,0.219,-0.752,0.971,0.287,0.287,521.45
12.115,ebus2030_w_diesel_14m,0.5,-0.05,-5,1.359,0.709,1.818,1.212,0.025,0.152,1.388,0.219,-0.752,0.971,0.287,0.287,521.45
12.115,ebus2030_w_diesel_14m,0.5,-0.05,0,0.389,0.203,1.338,0.732,0.025,0.152,0.908,0.219,-0.752,0.972,0.287,0.287,521.45
12.115,ebus2030_w_diesel_14m,0.5,-0.05,5,0.745,0.388,0.908,0.908,0.025,0.152,1.084,0.219,-0.753,0.972,0.287,0.287,521.45
12.115,ebus2030_w_diesel_14m,0.5,-0.05,10,-0.456,-0.238,0.314,0.314,0.025,0.152,0.49,0.219,-0.753,0.972,0.287,0.287,521.45
12.115,ebus2030_w_diesel_14m,0.5,-0.05,15,-0.915,-0.477,-0.131,0.087,0.025,0.152,0.263,0.219,-0.754,0.972,0.287,0.287,521.45
12.115,ebus2030_w_diesel_14m,0.5,-0.05,20,-0.835,-0.435,-0.191,0.127,0.025,0.152,0.303,0.219,-0.754,0.973,0.287,0.287,521.45
12.115,ebus2030_w_diesel_14m,0.5,-0.05,25,-0.662,-0.345,-0.319,0.213,0.025,0.152,0.389,0.219,-0.754,0.973,0.287,0.287,521.45
12.115,ebus2030_w_diesel_14m,0.5,-0.05,30,-0.331,-0.173,-0.566,0.377,0.025,0.152,0.553,0.218,-0.755,0.973,0.287,0.287,521.45
12.115,ebus2030_w_diesel_14m,0.5,0.0,-20,9.514,4.961,4.784,4.178,0.025,0.152,4.354,0.727,0.378,0.348,0.206,0.206,521.45
12.115,ebus2030_w_diesel_14m,0.5,0.0,-15,7.279,3.795,3.677,3.071,0.025,0.152,3.247,0.726,0.378,0.349,0.206,0.206,521.45
12.115,ebus2030_w_diesel_14m,0.5,0.0,-10,5.283,2.755,2.689,2.083,0.025,0.152,2.259,0.726,0.377,0.349,0.206,0.206,521.45
12.115,ebus2030_w_diesel_14m,0.5,0.0,-5,3.523,1.837,1.818,1.212,0.025,0.152,1.388,0.725,0.377,0.349,0.206,0.206,521.45
12.115,ebus2030_w_diesel_14m,0.5,0.0,0,2.553,1.331,1.338,0.732,0.025,0.152,0.908,0.725,0.376,0.349,0.205,0.205,521.45
12.115,ebus2030_w_diesel_14m,0.5,0.0,5,2.909,1.517,0.908,0.908,0.025,0.152,1.084,0.725,0.376,0.349,0.205,0.205,521.45
12.115,ebus2030_w_diesel_14m,0.5,0.0,10,1.708,0.891,0.314,0.314,0.025,0.152,0.49,0.724,0.375,0.349,0.205,0.205,521.45
12.115,ebus2030_w_diesel_14m,0.5,0.0,15,1.249,0.651,-0.131,0.087,0.025,0.152,0.263,0.724,0.375,0.349,0.205,0.205,521.45
12.115,ebus2030_w_diesel_14m,0.5,0.0,20,1.329,0.693,-0.191,0.127,0.025,0.152,0.303,0.724,0.374,0.349,0.205,0.205,521.45
12.115,ebus2030_w_diesel_14m,0.5,0.0,25,1.502,0.783,-0.319,0.213,0.025,0.152,0.389,0.723,0.374,0.349,0.205,0.205,521.45
12.115,ebus2030_w_diesel_14m,0.5,0.0,30,1.833,0.956,-0.566,0.377,0.025,0.152,0.553,0.723,0.373,0.349,0.205,0.205,521.45
12.115,ebus2030_w_diesel_14m,0.5,0.05,-20,11.849,6.179,4.784,4.178,0.025,0.152,4.354,1.703,1.596,0.107,0.214,0.214,521.45
12.115,ebus2030_w_diesel_14m,0.5,0.05,-15,9.614,5.013,3.677,3.071,0.025,0.152,3.247,1.703,1.595,0.107,0.214,0.214,521.45
12.115,ebus2030_w_diesel_14m,0.5,0.05,-10,7.619,3.973,2.689,2.083,0.025,0.152,2.259,1.702,1.595,0.107,0.214,0.214,521.45
12.115,ebus2030_w_diesel_14m,0.5,0.05,-5,5.859,3.055,1.818,1.212,0.025,0.152,1.388,1.702,1.594,0.107,0.214,0.214,521.45
12.115,ebus2030_w_diesel_14m,0.5,0.05,0,4.888,2.549,1.338,0.732,0.025,0.152,0.908,1.701,1.594,0.108,0.214,0.214,521.45
12.115,ebus2030_w_diesel_14m,0.5,0.05,5,5.244,2.735,0.908,0.908,0.025,0.152,1.084,1.701,1.593,0.108,0.214,0.214,521.45
12.115,ebus2030_w_diesel_14m,0.5,0.05,10,4.044,2.109,0.314,0.314,0.025,0.152,0.49,1.701,1.593,0.108,0.214,0.214,521.45
12.115,ebus2030_w_diesel_14m,0.5,0.05,15,3.584,1.869,-0.131,0.087,0.025,0.152,0.263,1.7,1.592,0.108,0.213,0.213,521.45
12.115,ebus2030_w_diesel_14m,0.5,0.05,20,3.664,1.911,-0.191,0.127,0.025,0.152,0.303,1.7,1.592,0.108,0.213,0.213,521.45
12.115,ebus2030_w_diesel_14m,0.5,0.05,25,3.837,2.001,-0.319,0.213,0.025,0.152,0.389,1.7,1.592,0.108,0.213,0.213,521.45
12.115,ebus2030_w_diesel_14m,0.5,0.05,30,4.168,2.173,-0.566,0.377,0.025,0.152,0.553,1.699,1.591,0.108,0.213,0.213,521.45
12.115,ebus2030_w_diesel_14m,1.0,-0.05,-20,6.705,3.496,4.593,3.987,0.025,0.152,4.163,0.257,-0.886,1.143,0.337,0.337,521.45
12.115,ebus2030_w_diesel_14m,1.0,-0.05,-15,4.47,2.331,3.486,2.881,0.025,0.152,3.056,0.257,-0.887,1.143,0.337,0.337,521.45
12.115,ebus2030_w_diesel_14m,1.0,-0.05,-10,2.474,1.29,2.498,1.893,0.025,0.152,2.068,0.256,-0.887,1.143,0.337,0.337,521.45
12.115,ebus2030_w_diesel_14m,1.0,-0.05,-5,0.714,0.373,1.627,1.021,0.025,0.152,1.197,0.256,-0.887,1.144,0.337,0.337,521.45
12.115,ebus2030_w_diesel_14m,1.0,-0.05,0,-0.256,-0.133,1.147,0.541,0.025,0.152,0.717,0.256,-0.888,1.144,0.337,0.337,521.45
12.115,ebus2030_w_diesel_14m,1.0,-0.05,5,0.1,0.052,0.718,0.718,0.025,0.152,0.894,0.256,-0.888,1.144,0.337,0.337,521.45
12.115,ebus2030_w_diesel_14m,1.0,-0.05,10,-1.1,-0.574,0.123,0.123,0.025,0.152,0.299,0.256,-0.889,1.145,0.337,0.337,521.45
12.115,ebus2030_w_diesel_14m,1.0,-0.05,15,-0.918,-0.479,-0.321,0.214,0.025,0.152,0.39,0.256,-0.889,1.145,0.337,0.337,521.45
12.115,ebus2030_w_diesel_14m,1.0,-0.05,20,-0.838,-0.437,-0.381,0.254,0.025,0.152,0.43,0.256,-0.89,1.145,0.338,0.338,521.45
12.115,ebus2030_w_diesel_14m,1.0,-0.05,25,-0.665,-0.347,-0.51,0.34,0.025,0.152,0.516,0.256,-0.89,1.146,0.338,0.338,521.45
12.115,ebus2030_w_diesel_14m,1.0,-0.05,30,-0.334,-0.174,-0.757,0.504,0.025,0.152,0.68,0.256,-0.89,1.146,0.338,0.338,521.45
12.115,ebus2030_w_diesel_14m,1.0,0.0,-20,9.246,4.821,4.593,3.987,0.025,0.152,4.163,0.849,0.439,0.41,0.241,0.241,521.45
12.115,ebus2030_w_diesel_14m,1.0,0.0,-15,7.011,3.656,3.486,2.881,0.025,0.152,3.056,0.849,0.439,0.411,0.241,0.241,521.45
12.115,ebus2030_w_diesel_14m,1.0,0.0,-10,5.015,2.615,2.498,1.893,0.025,0.152,2.068,0.849,0.438,0.411,0.241,0.241,521.45
12.115,ebus2030_w_diesel_14m,1.0,0.0,-5,3.255,1.698,1.627,1.021,0.025,0.152,1.197,0.848,0.438,0.411,0.241,0.241,521.45
12.115,ebus2030_w_diesel_14m,1.0,0.0,0,2.285,1.192,1.147,0.541,0.025,0.152,0.717,0.848,0.437,0.411,0.241,0.241,521.45
12.115,ebus2030_w_diesel_14m,1.0,0.0,5,2.641,1.377,0.718,0.718,0.025,0.152,0.894,0.847,0.437,0.411,0.241,0.241,521.45
12.115,ebus2030_w_diesel_14m,1.0,0.0,10,1.44,0.751,0.123,0.123,0.025,0.152,0.299,0.847,0.436,0.411,0.241,0.241,521.45
12.115,ebus2030_w_diesel_14m,1.0,0.0,15,1.623,0.846,-0.321,0.214,0.025,0.152,0.39,0.847,0.436,0.411,0.241,0.241,521.45
12.115,ebus2030_w_diesel_14m,1.0,0.0,20,1.703,0.888,-0.381,0.254,0.025,0.152,0.43,0.846,0.435,0.411,0.241,0.241,521.45
12.115,ebus2030_w_diesel_14m,1.0,0.0,25,1.875,0.978,-0.51,0.34,0.025,0.152,0.516,0.846,0.435,0.411,0.241,0.241,521.45
12.115,ebus2030_w_diesel_14m,1.0,0.0,30,2.206,1.15,-0.757,0.504,0.025,0.152,0.68,0.846,0.434,0.411,0.241,0.241,521.45
12.115,ebus2030_w_diesel_14m,1.0,0.05,-20,11.989,6.252,4.593,3.987,0.025,0.152,4.163,1.996,1.869,0.127,0.251,0.251,521.45
12.115,ebus2030_w_diesel_14m,1.0,0.05,-15,9.754,5.086,3.486,2.881,0.025,0.152,3.056,1.996,1.869,0.127,0.251,0.251,521.45
12.115,ebus2030_w_diesel_14m,1.0,0.05,-10,7.758,4.046,2.498,1.893,0.025,0.152,2.068,1.995,1.868,0.127,0.251,0.251,521.45
12.115,ebus2030_w_diesel_14m,1.0,0.05,-5,5.998,3.128,1.627,1.021,0.025,0.152,1.197,1.995,1.868,0.127,0.251,0.251,521.45
12.115,ebus2030_w_diesel_14m,1.0,0.05,0,5.028,2.622,1.147,0.541,0.025,0.152,0.717,1.994,1.867,0.127,0.251,0.251,521.45
12.115,ebus2030_w_diesel_14m,1.0,0.05,5,5.384,2.807,0.718,0.718,0.025,0.152,0.894,1.994,1.867,0.127,0.251,0.251,521.45
12.115,ebus2030_w_diesel_14m,1.0,0.05,10,4.183,2.181,0.123,0.123,0.025,0.152,0.299,1.994,1.866,0.127,0.251,0.251,521.45
12.115,ebus2030_w_diesel_14m,1.0,0.05,15,4.366,2.276,-0.321,0.214,0.025,0.152,0.39,1.993,1.866,0.127,0.251,0.251,521.45
12.115,ebus2030_w_diesel_14m,1.0,0.05,20,4.446,2.318,-0.381,0.254,0.025,0.152,0.43,1.993,1.865,0.128,0.251,0.251,521.45
12.115,ebus2030_w_diesel_14m,1.0,0.05,25,4.618,2.408,-0.51,0.34,0.025,0.152,0.516,1.993,1.865,0.128,0.25,0.25,521.45
12.115,ebus2030_w_diesel_14m,1.0,0.05,30,4.949,2.581,-0.757,0.504,0.025,0.152,0.68,1.992,1.865,0.128,0.25,0.25,521.45
17.957,ebus2030_w_diesel_14m,0.0,-0.05,-20,4.957,4.559,5.951,5.228,0.03,0.181,5.438,0.23,-1.165,1.395,0.289,0.289,919.757
17.957,ebus2030_w_diesel_14m,0.0,-0.05,-15,3.441,3.165,4.628,3.905,0.03,0.181,4.115,0.23,-1.166,1.396,0.289,0.289,919.757
17.957,ebus2030_w_diesel_14m,0.0,-0.05,-10,2.087,1.92,3.447,2.724,0.03,0.181,2.933,0.23,-1.168,1.398,0.289,0.289,919.757
17.957,ebus2030_w_diesel_14m,0.0,-0.05,-5,0.893,0.821,2.404,1.681,0.03,0.181,1.891,0.229,-1.17,1.399,0.289,0.289,919.757
17.957,ebus2030_w_diesel_14m,0.0,-0.05,0,0.234,0.215,1.83,1.107,0.03,0.181,1.317,0.229,-1.171,1.4,0.289,0.289,919.757
17.957,ebus2030_w_diesel_14m,0.0,-0.05,5,0.472,0.434,1.317,1.317,0.03,0.181,1.526,0.229,-1.173,1.401,0.289,0.289,919.757
17.957,ebus2030_w_diesel_14m,0.0,-0.05,10,-0.344,-0.316,0.605,0.605,0.03,0.181,0.815,0.228,-1.174,1.402,0.289,0.289,919.757
17.957,ebus2030_w_diesel_14m,0.0,-0.05,15,-0.955,-0.879,0.072,0.072,0.03,0.181,0.282,0.228,-1.176,1.404,0.289,0.289,919.757
17.957,ebus2030_w_diesel_14m,0.0,-0.05,20,-1.04,-0.956,0.0,0.0,0.03,0.181,0.21,0.228,-1.177,1.405,0.289,0.289,919.757
17.957,ebus2030_w_diesel_14m,0.0,-0.05,25,-0.923,-0.849,-0.154,0.103,0.03,0.181,0.313,0.227,-1.178,1.406,0.289,0.289,919.757
17.957,ebus2030_w_diesel_14m,0.0,-0.05,30,-0.699,-0.643,-0.45,0.3,0.03,0.181,0.51,0.227,-1.18,1.407,0.29,0.29,919.757
17.957,ebus2030_w_diesel_14m,0.0,0.0,-20,6.8,6.254,5.951,5.228,0.03,0.181,5.438,1.017,0.53,0.486,0.222,0.222,919.757
17.957,ebus2030_w_diesel_14m,0.0,0.0,-15,5.283,4.859,4.628,3.905,0.03,0.181,4.115,1.015,0.528,0.487,0.222,0.222,919.757
17.957,ebus2030_w_diesel_14m,0.0,0.0,-10,3.929,3.614,3.447,2.724,0.03,0.181,2.933,1.013,0.526,0.487,0.221,0.221,919.757
17.957,ebus2030_w_diesel_14m,0.0,0.0,-5,2.735,2.515,2.404,1.681,0.03,0.181,1.891,1.012,0.524,0.487,0.221,0.221,919.757
17.957,ebus2030_w_diesel_14m,0.0,0.0,0,2.075,1.909,1.83,1.107,0.03,0.181,1.317,1.01,0.523,0.488,0.221,0.221,919.757
17.957,ebus2030_w_diesel_14m,0.0,0.0,5,2.313,2.128,1.317,1.317,0.03,0.181,1.526,1.009,0.521,0.488,0.221,0.221,919.757
17.957,ebus2030_w_diesel_14m,0.0,0.0,10,1.497,1.377,0.605,0.605,0.03,0.181,0.815,1.007,0.519,0.488,0.221,0.221,919.757
17.957,ebus2030_w_diesel_14m,0.0,0.0,15,0.886,0.815,0.072,0.072,0.03,0.181,0.282,1.006,0.518,0.488,0.221,0.221,919.757
17.957,ebus2030_w_diesel_14m,0.0,0.0,20,0.801,0.737,0.0,0.0,0.03,0.181,0.21,1.005,0.516,0.489,0.221,0.221,919.757
17.957,ebus2030_w_diesel_14m,0.0,0.0,25,0.918,0.844,-0.154,0.103,0.03,0.181,0.313,1.003,0.515,0.489,0.221,0.221,919.757
17.957,ebus2030_w_diesel_14m,0.0,0.0,30,1.142,1.05,-0.45,0.3,0.03,0.181,0.51,1.002,0.513,0.489,0.221,0.221,919.757
17.957,ebus2030_w_diesel_14m,0.0,0.05,-20,8.788,8.083,5.951,5.228,0.03,0.181,5.438,2.508,2.359,0.149,0.289,0.289,919.757
17.957,ebus2030_w_diesel_14m,0.0,0.05,-15,7.272,6.688,4.628,3.905,0.03,0.181,4.115,2.506,2.357,0.149,0.289,0.289,919.757
17.957,ebus2030_w_diesel_14m,0.0,0.05,-10,5.918,5.443,3.447,2.724,0.03,0.181,2.933,2.505,2.355,0.15,0.289,0.289,919.757
17.957,ebus2030_w_diesel_14m,0.0,0.05,-5,4.723,4.344,2.404,1.681,0.03,0.181,1.891,2.503,2.353,0.15,0.289,0.289,919.757
17.957,ebus2030_w_diesel_14m,0.0,0.05,0,4.064,3.738,1.83,1.107,0.03,0.181,1.317,2.502,2.352,0.15,0.289,0.289,919.757
17.957,ebus2030_w_diesel_14m,0.0,0.05,5,4.302,3.957,1.317,1.317,0.03,0.181,1.526,2.5,2.35,0.15,0.289,0.289,919.757
17.957,ebus2030_w_diesel_14m,0.0,0.05,10,3.486,3.206,0.605,0.605,0.03,0.181,0.815,2.499,2.348,0.15,0.289,0.289,919.757
17.957,ebus2030_w_diesel_14m,0.0,0.05,15,2.874,2.644,0.072,0.072,0.03,0.181,0.282,2.497,2.347,0.151,0.289,0.289,919.757
17.957,ebus2030_w_diesel_14m,0.0,0.05,20,2.79,2.566,0.0,0.0,0.03,0.181,0.21,2.496,2.345,0.151,0.288,0.288,919.757
17.957,ebus2030_w_diesel_14m,0.0,0.05,25,2.906,2.673,-0.154,0.103,0.03,0.181,0.313,2.495,2.344,0.151,0.288,0.288,919.757
17.957,ebus2030_w_diesel_14m,0.0,0.05,30,3.13,2.879,-0.45,0.3,0.03,0.181,0.51,2.493,2.342,0.151,0.288,0.288,919.757
17.957,ebus2030_w_diesel_14m,0.5,-0.05,-20,4.408,4.054,5.723,5.0,0.03,0.181,5.21,0.275,-1.43,1.705,0.351,0.351,919.757
17.957,ebus2030_w_diesel_14m,0.5,-0.05,-15,2.892,2.66,4.4,3.677,0.03,0.181,3.887,0.274,-1.432,1.706,0.351,0.351,919.757
17.957,ebus2030_w_diesel_14m,0.5,-0.05,-10,1.538,1.415,3.219,2.496,0.03,0.181,2.706,0.274,-1.434,1.708,0.351,0.351,919.757
17.957,ebus2030_w_diesel_14m,0.5,-0.05,-5,0.343,0.316,2.177,1.454,0.03,0.181,1.664,0.273,-1.435,1.709,0.351,0.351,919.757
17.957,ebus2030_w_diesel_14m,0.5,-0.05,0,-0.316,-0.29,1.602,0.879,0.03,0.181,1.089,0.273,-1.437,1.71,0.351,0.351,919.757
17.957,ebus2030_w_diesel_14m,0.5,-0.05,5,-0.077,-0.071,1.089,1.089,0.03,0.181,1.299,0.273,-1.438,1.711,0.351,0.351,919.757
17.957,ebus2030_w_diesel_14m,0.5,-0.05,10,-0.893,-0.822,0.377,0.377,0.03,0.181,0.587,0.272,-1.44,1.712,0.351,0.351,919.757
17.957,ebus2030_w_diesel_14m,0.5,-0.05,15,-1.208,-1.111,-0.155,0.104,0.03,0.181,0.313,0.272,-1.441,1.713,0.352,0.352,919.757
17.957,ebus2030_w_diesel_14m,0.5,-0.05,20,-1.155,-1.062,-0.228,0.152,0.03,0.181,0.362,0.272,-1.443,1.714,0.352,0.352,919.757
17.957,ebus2030_w_diesel_14m,0.5,-0.05,25,-1.038,-0.955,-0.382,0.255,0.03,0.181,0.465,0.271,-1.444,1.715,0.352,0.352,919.757
17.957,ebus2030_w_diesel_14m,0.5,-0.05,30,-0.814,-0.749,-0.678,0.452,0.03,0.181,0.662,0.271,-1.445,1.716,0.352,0.352,919.757
17.957,ebus2030_w_diesel_14m,0.5,0.0,-20,6.637,6.105,5.723,5.0,0.03,0.181,5.21,1.213,0.62,0.593,0.267,0.267,919.757
17.957,ebus2030_w_diesel_14m,0.5,0.0,-15,5.121,4.71,4.4,3.677,0.03,0.181,3.887,1.211,0.618,0.593,0.267,0.267,919.757
17.957,ebus2030_w_diesel_14m,0.5,0.0,-10,3.767,3.465,3.219,2.496,0.03,0.181,2.706,1.21,0.616,0.593,0.267,0.267,919.757
17.957,ebus2030_w_diesel_14m,0.5,0.0,-5,2.572,2.366,2.177,1.454,0.03,0.181,1.664,1.208,0.615,0.593,0.267,0.267,919.757
17.957,ebus2030_w_diesel_14m,0.5,0.0,0,1.913,1.759,1.602,0.879,0.03,0.181,1.089,1.206,0.613,0.594,0.267,0.267,919.757
17.957,ebus2030_w_diesel_14m,0.5,0.0,5,2.151,1.978,1.089,1.089,0.03,0.181,1.299,1.205,0.611,0.594,0.266,0.266,919.757
17.957,ebus2030_w_diesel_14m,0.5,0.0,10,1.335,1.228,0.377,0.377,0.03,0.181,0.587,1.204,0.609,0.594,0.266,0.266,919.757
17.957,ebus2030_w_diesel_14m,0.5,0.0,15,1.02,0.938,-0.155,0.104,0.03,0.181,0.313,1.202,0.608,0.594,0.266,0.266,919.757
17.957,ebus2030_w_diesel_14m,0.5,0.0,20,1.073,0.987,-0.228,0.152,0.03,0.181,0.362,1.201,0.606,0.595,0.266,0.266,919.757
17.957,ebus2030_w_diesel_14m,0.5,0.0,25,1.189,1.094,-0.382,0.255,0.03,0.181,0.465,1.2,0.605,0.595,0.266,0.266,919.757
17.957,ebus2030_w_diesel_14m,0.5,0.0,30,1.413,1.3,-0.678,0.452,0.03,0.181,0.662,1.198,0.603,0.595,0.266,0.266,919.757
17.957,ebus2030_w_diesel_14m,0.5,0.05,-20,9.046,8.32,5.723,5.0,0.03,0.181,5.21,3.019,2.836,0.183,0.349,0.349,919.757
17.957,ebus2030_w_diesel_14m,0.5,0.05,-15,7.53,6.926,4.4,3.677,0.03,0.181,3.887,3.018,2.834,0.184,0.349,0.349,919.757
17.957,ebus2030_w_diesel_14m,0.5,0.05,-10,6.176,5.68,3.219,2.496,0.03,0.181,2.706,3.016,2.832,0.184,0.349,0.349,919.757
17.957,ebus2030_w_diesel_14m,0.5,0.05,-5,4.981,4.581,2.177,1.454,0.03,0.181,1.664,3.014,2.83,0.184,0.349,0.349,919.757
17.957,ebus2030_w_diesel_14m,0.5,0.05,0,4.322,3.975,1.602,0.879,0.03,0.181,1.089,3.013,2.828,0.185,0.349,0.349,919.757
17.957,ebus2030_w_diesel_14m,0.5,0.05,5,4.56,4.194,1.089,1.089,0.03,0.181,1.299,3.011,2.827,0.185,0.348,0.348,919.757
17.957,ebus2030_w_diesel_14m,0.5,0.05,10,3.744,3.443,0.377,0.377,0.03,0.181,0.587,3.01,2.825,0.185,0.348,0.348,919.757
17.957,ebus2030_w_diesel_14m,0.5,0.05,15,3.428,3.153,-0.155,0.104,0.03,0.181,0.313,3.009,2.823,0.185,0.348,0.348,919.757
17.957,ebus2030_w_diesel_14m,0.5,0.05,20,3.482,3.202,-0.228,0.152,0.03,0.181,0.362,3.007,2.822,0.185,0.348,0.348,919.757
17.957,ebus2030_w_diesel_14m,0.5,0.05,25,3.598,3.309,-0.382,0.255,0.03,0.181,0.465,3.006,2.82,0.186,0.348,0.348,919.757
17.957,ebus2030_w_diesel_14m,0.5,0.05,30,3.822,3.515,-0.678,0.452,0.03,0.181,0.662,3.005,2.819,0.186,0.348,0.348,919.757
17.957,ebus2030_w_diesel_14m,1.0,-0.05,-20,3.858,3.549,5.496,4.773,0.03,0.181,4.983,0.319,-1.696,2.015,0.413,0.413,919.757
17.957,ebus2030_w_diesel_14m,1.0,-0.05,-15,2.342,2.154,4.173,3.45,0.03,0.181,3.659,0.318,-1.698,2.016,0.413,0.413,919.757
17.957,ebus2030_w_diesel_14m,1.0,-0.05,-10,0.989,0.909,2.991,2.268,0.03,0.181,2.478,0.318,-1.699,2.017,0.413,0.413,919.757
17.957,ebus2030_w_diesel_14m,1.0,-0.05,-5,-0.206,-0.189,1.949,1.226,0.03,0.181,1.436,0.318,-1.701,2.019,0.413,0.413,919.757
17.957,ebus2030_w_diesel_14m,1.0,-0.05,0,-0.865,-0.796,1.375,0.652,0.03,0.181,0.862,0.317,-1.703,2.02,0.413,0.413,919.757
17.957,ebus2030_w_diesel_14m,1.0,-0.05,5,-0.627,-0.576,0.861,0.861,0.03,0.181,1.071,0.317,-1.704,2.021,0.414,0.414,919.757
17.957,ebus2030_w_diesel_14m,1.0,-0.05,10,-1.443,-1.327,0.15,0.15,0.03,0.181,0.36,0.317,-1.705,2.022,0.414,0.414,919.757
17.957,ebus2030_w_diesel_14m,1.0,-0.05,15,-1.323,-1.217,-0.383,0.255,0.03,0.181,0.465,0.316,-1.707,2.023,0.414,0.414,919.757
17.957,ebus2030_w_diesel_14m,1.0,-0.05,20,-1.27,-1.168,-0.455,0.303,0.03,0.181,0.513,0.316,-1.708,2.024,0.414,0.414,919.757
17.957,ebus2030_w_diesel_14m,1.0,-0.05,25,-1.153,-1.061,-0.61,0.406,0.03,0.181,0.616,0.316,-1.71,2.025,0.414,0.414,919.757
17.957,ebus2030_w_diesel_14m,1.0,-0.05,30,-0.929,-0.855,-0.905,0.603,0.03,0.181,0.813,0.315,-1.711,2.026,0.414,0.414,919.757
17.957,ebus2030_w_diesel_14m,1.0,0.0,-20,6.475,5.955,5.496,4.773,0.03,0.181,4.983,1.409,0.71,0.699,0.313,0.313,919.757
17.957,ebus2030_w_diesel_14m,1.0,0.0,-15,4.958,4.561,4.173,3.45,0.03,0.181,3.659,1.407,0.708,0.699,0.312,0.312,919.757
17.957,ebus2030_w_diesel_14m,1.0,0.0,-10,3.604,3.315,2.991,2.268,0.03,0.181,2.478,1.406,0.706,0.699,0.312,0.312,919.757
17.957,ebus2030_w_diesel_14m,1.0,0.0,-5,2.41,2.216,1.949,1.226,0.03,0.181,1.436,1.404,0.705,0.7,0.312,0.312,919.757
17.957,ebus2030_w_diesel_14m,1.0,0.0,0,1.75,1.61,1.375,0.652,0.03,0.181,0.862,1.403,0.703,0.7,0.312,0.312,919.757
17.957,ebus2030_w_diesel_14m,1.0,0.0,5,1.988,1.829,0.861,0.861,0.03,0.181,1.071,1.401,0.701,0.7,0.312,0.312,919.757
17.957,ebus2030_w_diesel_14m,1.0,0.0,10,1.172,1.078,0.15,0.15,0.03,0.181,0.36,1.4,0.699,0.7,0.312,0.312,919.757
17.957,ebus2030_w_diesel_14m,1.0,0.0,15,1.291,1.188,-0.383,0.255,0.03,0.181,0.465,1.398,0.698,0.701,0.312,0.312,919.757
17.957,ebus2030_w_diesel_14m,1.0,0.0,20,1.345,1.237,-0.455,0.303,0.03,0.181,0.513,1.397,0.696,0.701,0.312,0.312,919.757
17.957,ebus2030_w_diesel_14m,1.0,0.0,25,1.461,1.344,-0.61,0.406,0.03,0.181,0.616,1.396,0.695,0.701,0.311,0.311,919.757
17.957,ebus2030_w_diesel_14m,1.0,0.0,30,1.685,1.55,-0.905,0.603,0.03,0.181,0.813,1.395,0.693,0.701,0.311,0.311,919.757
17.957,ebus2030_w_diesel_14m,1.0,0.05,-20,9.304,8.558,5.496,4.773,0.03,0.181,4.983,3.531,3.313,0.218,0.409,0.409,919.757
17.957,ebus2030_w_diesel_14m,1.0,0.05,-15,7.788,7.163,4.173,3.45,0.03,0.181,3.659,3.529,3.311,0.218,0.409,0.409,919.757
17.957,ebus2030_w_diesel_14m,1.0,0.05,-10,6.434,5.917,2.991,2.268,0.03,0.181,2.478,3.527,3.309,0.218,0.408,0.408,919.757
17.957,ebus2030_w_diesel_14m,1.0,0.05,-5,5.239,4.819,1.949,1.226,0.03,0.181,1.436,3.526,3.307,0.219,0.408,0.408,919.757
17.957,ebus2030_w_diesel_14m,1.0,0.05,0,4.58,4.212,1.375,0.652,0.03,0.181,0.862,3.524,3.305,0.219,0.408,0.408,919.757
17.957,ebus2030_w_diesel_14m,1.0,0.05,5,4.818,4.431,0.861,0.861,0.03,0.181,1.071,3.523,3.303,0.219,0.408,0.408,919.757
17.957,ebus2030_w_diesel_14m,1.0,0.05,10,4.002,3.68,0.15,0.15,0.03,0.181,0.36,3.521,3.302,0.219,0.408,0.408,919.757
17.957,ebus2030_w_diesel_14m,1.0,0.05,15,4.12,3.79,-0.383,0.255,0.03,0.181,0.465,3.52,3.3,0.22,0.408,0.408,919.757
17.957,ebus2030_w_diesel_14m,1.0,0.05,20,4.174,3.839,-0.455,0.303,0.03,0.181,0.513,3.519,3.299,0.22,0.408,0.408,919.757
17.957,ebus2030_w_diesel_14m,1.0,0.05,25,4.29,3.946,-0.61,0.406,0.03,0.181,0.616,3.517,3.297,0.22,0.408,0.408,919.757
17.957,ebus2030_w_diesel_14m,1.0,0.05,30,4.514,4.152,-0.905,0.603,0.03,0.181,0.813,3.516,3.296,0.22,0.408,0.408,919.757
25.184,ebus2030_w_diesel_14m,0.0,-0.05,-20,3.153,4.538,6.649,5.844,0.034,0.201,6.077,0.253,-1.859,2.112,0.374,0.374,1439.122
25.184,ebus2030_w_diesel_14m,0.0,-0.05,-15,2.071,2.98,5.172,4.367,0.034,0.201,4.601,0.252,-1.863,2.115,0.374,0.374,1439.122
25.184,ebus2030_w_diesel_14m,0.0,-0.05,-10,1.104,1.588,3.853,3.048,0.034,0.201,3.282,0.251,-1.866,2.117,0.374,0.374,1439.122
25.184,ebus2030_w_diesel_14m,0.0,-0.05,-5,0.25,0.36,2.689,1.884,0.034,0.201,2.118,0.25,-1.869,2.119,0.374,0.374,1439.122
25.184,ebus2030_w_diesel_14m,0.0,-0.05,0,-0.222,-0.319,2.048,1.242,0.034,0.201,1.476,0.249,-1.873,2.122,0.375,0.375,1439.122
25.184,ebus2030_w_diesel_14m,0.0,-0.05,5,-0.054,-0.078,1.474,1.474,0.034,0.201,1.707,0.248,-1.876,2.124,0.375,0.375,1439.122
25.184,ebus2030_w_diesel_14m,0.0,-0.05,10,-0.639,-0.919,0.678,0.678,0.034,0.201,0.912,0.247,-1.879,2.126,0.375,0.375,1439.122
25.184,ebus2030_w_diesel_14m,0.0,-0.05,15,-1.077,-1.55,0.081,0.081,0.034,0.201,0.315,0.246,-1.881,2.128,0.375,0.375,1439.122
25.184,ebus2030_w_diesel_14m,0.0,-0.05,20,-1.138,-1.638,0.0,0.0,0.034,0.201,0.234,0.246,-1.884,2.13,0.375,0.375,1439.122
25.184,ebus2030_w_diesel_14m,0.0,-0.05,25,-1.056,-1.519,-0.173,0.116,0.034,0.201,0.349,0.245,-1.887,2.132,0.375,0.375,1439.122
25.184,ebus2030_w_diesel_14m,0.0,-0.05,30,-0.896,-1.289,-0.505,0.336,0.034,0.201,0.57,0.244,-1.889,2.133,0.375,0.375,1439.122
25.184,ebus2030_w_diesel_14m,0.0,0.0,-20,5.029,7.237,6.649,5.844,0.034,0.201,6.077,1.616,0.839,0.777,0.316,0.316,1439.122
25.184,ebus2030_w_diesel_14m,0.0,0.0,-15,3.946,5.678,5.172,4.367,0.034,0.201,4.601,1.613,0.835,0.778,0.316,0.316,1439.122
25.184,ebus2030_w_diesel_14m,0.0,0.0,-10,2.978,4.286,3.853,3.048,0.034,0.201,3.282,1.61,0.832,0.778,0.316,0.316,1439.122
25.184,ebus2030_w_diesel_14m,0.0,0.0,-5,2.124,3.057,2.689,1.884,0.034,0.201,2.118,1.607,0.828,0.779,0.315,0.315,1439.122
25.184,ebus2030_w_diesel_14m,0.0,0.0,0,1.653,2.378,2.048,1.242,0.034,0.201,1.476,1.604,0.824,0.78,0.315,0.315,1439.122
25.184,ebus2030_w_diesel_14m,0.0,0.0,5,1.819,2.618,1.474,1.474,0.034,0.201,1.707,1.601,0.821,0.78,0.315,0.315,1439.122
25.184,ebus2030_w_diesel_14m,0.0,0.0,10,1.235,1.777,0.678,0.678,0.034,0.201,0.912,1.599,0.818,0.781,0.315,0.315,1439.122
25.184,ebus2030_w_diesel_14m,0.0,0.0,15,0.796,1.146,0.081,0.081,0.034,0.201,0.315,1.596,0.815,0.781,0.315,0.315,1439.122
25.184,ebus2030_w_diesel_14m,0.0,0.0,20,0.735,1.058,0.0,0.0,0.034,0.201,0.234,1.594,0.812,0.782,0.314,0.314,1439.122
25.184,ebus2030_w_diesel_14m,0.0,0.0,25,0.817,1.176,-0.173,0.116,0.034,0.201,0.349,1.591,0.809,0.782,0.314,0.314,1439.122
25.184,ebus2030_w_diesel_14m,0.0,0.0,30,0.977,1.406,-0.505,0.336,0.034,0.201,0.57,1.589,0.806,0.783,0.314,0.314,1439.122
25.184,ebus2030_w_diesel_14m,0.0,0.05,-20,7.034,10.122,6.649,5.844,0.034,0.201,6.077,3.966,3.725,0.241,0.446,0.446,1439.122
25.184,ebus2030_w_diesel_14m,0.0,0.05,-15,5.951,8.564,5.172,4.367,0.034,0.201,4.601,3.962,3.721,0.241,0.446,0.446,1439.122
25.184,ebus2030_w_diesel_14m,0.0,0.05,-10,4.984,7.172,3.853,3.048,0.034,0.201,3.282,3.959,3.717,0.242,0.445,0.445,1439.122
25.184,ebus2030_w_diesel_14m,0.0,0.05,-5,4.13,5.943,2.689,1.884,0.034,0.201,2.118,3.956,3.714,0.242,0.445,0.445,1439.122
25.184,ebus2030_w_diesel_14m,0.0,0.05,0,3.658,5.264,2.048,1.242,0.034,0.201,1.476,3.953,3.71,0.243,0.445,0.445,1439.122
25.184,ebus2030_w_diesel_14m,0.0,0.05,5,3.825,5.504,1.474,1.474,0.034,0.201,1.707,3.95,3.707,0.244,0.445,0.445,1439.122
25.184,ebus2030_w_diesel_14m,0.0,0.05,10,3.24,4.663,0.678,0.678,0.034,0.201,0.912,3.947,3.703,0.244,0.445,0.445,1439.122
25.184,ebus2030_w_diesel_14m,0.0,0.05,15,2.801,4.032,0.081,0.081,0.034,0.201,0.315,3.945,3.7,0.245,0.444,0.444,1439.122
25.184,ebus2030_w_diesel_14m,0.0,0.05,20,2.74,3.943,0.0,0.0,0.034,0.201,0.234,3.942,3.697,0.245,0.444,0.444,1439.122
25.184,ebus2030_w_diesel_14m,0.0,0.05,25,2.822,4.062,-0.173,0.116,0.034,0.201,0.349,3.94,3.694,0.245,0.444,0.444,1439.122
25.184,ebus2030_w_diesel_14m,0.0,0.05,30,2.982,4.291,-0.505,0.336,0.034,0.201,0.57,3.937,3.691,0.246,0.444,0.444,1439.122
25.184,ebus2030_w_diesel_14m,0.5,-0.05,-20,2.668,3.839,6.395,5.59,0.034,0.201,5.824,0.295,-2.291,2.586,0.455,0.455,1439.122
25.184,ebus2030_w_diesel_14m,0.5,-0.05,-15,1.585,2.281,4.919,4.114,0.034,0.201,4.347,0.294,-2.295,2.589,0.455,0.455,1439.122
25.184,ebus2030_w_diesel_14m,0.5,-0.05,-10,0.618,0.89,3.6,2.795,0.034,0.201,3.028,0.293,-2.298,2.591,0.455,0.455,1439.122
25.184,ebus2030_w_diesel_14m,0.5,-0.05,-5,-0.236,-0.339,2.436,1.631,0.034,0.201,1.864,0.292,-2.301,2.593,0.455,0.455,1439.122
25.184,ebus2030_w_diesel_14m,0.5,-0.05,0,-0.707,-1.018,1.794,0.989,0.034,0.201,1.223,0.291,-2.305,2.595,0.456,0.456,1439.122
25.184,ebus2030_w_diesel_14m,0.5,-0.05,5,-0.54,-0.777,1.22,1.22,0.034,0.201,1.454,0.29,-2.308,2.598,0.456,0.456,1439.122
25.184,ebus2030_w_diesel_14m,0.5,-0.05,10,-1.124,-1.618,0.425,0.425,0.034,0.201,0.658,0.289,-2.311,2.6,0.456,0.456,1439.122
25.184,ebus2030_w_diesel_14m,0.5,-0.05,15,-1.353,-1.946,-0.172,0.115,0.034,0.201,0.349,0.288,-2.313,2.602,0.456,0.456,1439.122
25.184,ebus2030_w_diesel_14m,0.5,-0.05,20,-1.315,-1.892,-0.253,0.169,0.034,0.201,0.403,0.287,-2.316,2.603,0.456,0.456,1439.122
25.184,ebus2030_w_diesel_14m,0.5,-0.05,25,-1.232,-1.773,-0.427,0.285,0.034,0.201,0.518,0.287,-2.319,2.605,0.456,0.456,1439.122
25.184,ebus2030_w_diesel_14m,0.5,-0.05,30,-1.072,-1.543,-0.758,0.505,0.034,0.201,0.739,0.286,-2.321,2.607,0.456,0.456,1439.122
25.184,ebus2030_w_diesel_14m,0.5,0.0,-20,4.936,7.104,6.395,5.59,0.034,0.201,5.824,1.922,0.973,0.949,0.38,0.38,1439.122
25.184,ebus2030_w_diesel_14m,0.5,0.0,-15,3.853,5.546,4.919,4.114,0.034,0.201,4.347,1.919,0.969,0.95,0.38,0.38,1439.122
25.184,ebus2030_w_diesel_14m,0.5,0.0,-10,2.886,4.153,3.6,2.795,0.034,0.201,3.028,1.916,0.966,0.95,0.38,0.38,1439.122
25.184,ebus2030_w_diesel_14m,0.5,0.0,-5,2.032,2.925,2.436,1.631,0.034,0.201,1.864,1.913,0.962,0.951,0.379,0.379,1439.122
25.184,ebus2030_w_diesel_14m,0.5,0.0,0,1.56,2.246,1.794,0.989,0.034,0.201,1.223,1.91,0.959,0.952,0.379,0.379,1439.122
25.184,ebus2030_w_diesel_14m,0.5,0.0,5,1.727,2.486,1.22,1.22,0.034,0.201,1.454,1.907,0.955,0.952,0.379,0.379,1439.122
25.184,ebus2030_w_diesel_14m,0.5,0.0,10,1.143,1.645,0.425,0.425,0.034,0.201,0.658,1.905,0.952,0.953,0.379,0.379,1439.122
25.184,ebus2030_w_diesel_14m,0.5,0.0,15,0.914,1.316,-0.172,0.115,0.034,0.201,0.349,1.902,0.949,0.953,0.379,0.379,1439.122
25.184,ebus2030_w_diesel_14m,0.5,0.0,20,0.952,1.369,-0.253,0.169,0.034,0.201,0.403,1.899,0.946,0.954,0.378,0.378,1439.122
25.184,ebus2030_w_diesel_14m,0.5,0.0,25,1.034,1.488,-0.427,0.285,0.034,0.201,0.518,1.897,0.943,0.954,0.378,0.378,1439.122
25.184,ebus2030_w_diesel_14m,0.5,0.0,30,1.194,1.718,-0.758,0.505,0.034,0.201,0.739,1.895,0.94,0.955,0.378,0.378,1439.122
25.184,ebus2030_w_diesel_14m,0.5,0.05,-20,7.365,10.6,6.395,5.59,0.034,0.201,5.824,4.767,4.469,0.298,0.537,0.537,1439.122
25.184,ebus2030_w_diesel_14m,0.5,0.05,-15,6.283,9.041,4.919,4.114,0.034,0.201,4.347,4.764,4.465,0.299,0.537,0.537,1439.122
25.184,ebus2030_w_diesel_14m,0.5,0.05,-10,5.315,7.649,3.6,2.795,0.034,0.201,3.028,4.761,4.461,0.299,0.537,0.537,1439.122
25.184,ebus2030_w_diesel_14m,0.5,0.05,-5,4.461,6.42,2.436,1.631,0.034,0.201,1.864,4.758,4.458,0.3,0.537,0.537,1439.122
25.184,ebus2030_w_diesel_14m,0.5,0.05,0,3.989,5.741,1.794,0.989,0.034,0.201,1.223,4.755,4.454,0.301,0.536,0.536,1439.122
25.184,ebus2030_w_diesel_14m,0.5,0.05,5,4.156,5.981,1.22,1.22,0.034,0.201,1.454,4.752,4.451,0.301,0.536,0.536,1439.122
25.184,ebus2030_w_diesel_14m,0.5,0.05,10,3.572,5.14,0.425,0.425,0.034,0.201,0.658,4.749,4.448,0.302,0.536,0.536,1439.122
25.184,ebus2030_w_diesel_14m,0.5,0.05,15,3.343,4.811,-0.172,0.115,0.034,0.201,0.349,4.746,4.444,0.302,0.536,0.536,1439.122
25.184,ebus2030_w_diesel_14m,0.5,0.05,20,3.381,4.865,-0.253,0.169,0.034,0.201,0.403,4.744,4.441,0.303,0.536,0.536,1439.122
25.184,ebus2030_w_diesel_14m,0.5,0.05,25,3.463,4.984,-0.427,0.285,0.034,0.201,0.518,4.741,4.438,0.303,0.535,0.535,1439.122
25.184,ebus2030_w_diesel_14m,0.5,0.05,30,3.623,5.213,-0.758,0.505,0.034,0.201,0.739,4.739,4.435,0.303,0.535,0.535,1439.122
25.184,ebus2030_w_diesel_14m,1.0,-0.05,-20,2.182,3.14,6.142,5.337,0.034,0.201,5.571,0.337,-2.723,3.06,0.536,0.536,1439.122
25.184,ebus2030_w_diesel_14m,1.0,-0.05,-15,1.1,1.582,4.665,3.86,0.034,0.201,4.094,0.336,-2.727,3.062,0.536,0.536,1439.122
25.184,ebus2030_w_diesel_14m,1.0,-0.05,-10,0.133,0.191,3.346,2.541,0.034,0.201,2.775,0.335,-2.73,3.065,0.536,0.536,1439.122
25.184,ebus2030_w_diesel_14m,1.0,-0.05,-5,-0.721,-1.038,2.182,1.377,0.034,0.201,1.611,0.334,-2.733,3.067,0.536,0.536,1439.122
25.184,ebus2030_w_diesel_14m,1.0,-0.05,0,-1.193,-1.716,1.541,0.736,0.034,0.201,0.969,0.333,-2.737,3.069,0.537,0.537,1439.122
25.184,ebus2030_w_diesel_14m,1.0,-0.05,5,-1.026,-1.476,0.967,0.967,0.034,0.201,1.201,0.332,-2.74,3.071,0.537,0.537,1439.122
25.184,ebus2030_w_diesel_14m,1.0,-0.05,10,-1.61,-2.317,0.171,0.171,0.034,0.201,0.405,0.331,-2.743,3.073,0.537,0.537,1439.122
25.184,ebus2030_w_diesel_14m,1.0,-0.05,15,-1.529,-2.201,-0.426,0.284,0.034,0.201,0.517,0.33,-2.745,3.075,0.537,0.537,1439.122
25.184,ebus2030_w_diesel_14m,1.0,-0.05,20,-1.492,-2.146,-0.507,0.338,0.034,0.201,0.572,0.329,-2.748,3.077,0.537,0.537,1439.122
25.184,ebus2030_w_diesel_14m,1.0,-0.05,25,-1.409,-2.027,-0.68,0.453,0.034,0.201,0.687,0.328,-2.751,3.079,0.537,0.537,1439.122
25.184,ebus2030_w_diesel_14m,1.0,-0.05,30,-1.249,-1.798,-1.011,0.674,0.034,0.201,0.908,0.327,-2.753,3.081,0.537,0.537,1439.122
25.184,ebus2030_w_diesel_14m,1.0,0.0,-20,4.844,6.971,6.142,5.337,0.034,0.201,5.571,2.228,1.107,1.121,0.444,0.444,1439.122
25.184,ebus2030_w_diesel_14m,1.0,0.0,-15,3.761,5.413,4.665,3.86,0.034,0.201,4.094,2.225,1.104,1.121,0.444,0.444,1439.122
25.184,ebus2030_w_diesel_14m,1.0,0.0,-10,2.794,4.021,3.346,2.541,0.034,0.201,2.775,2.222,1.1,1.122,0.444,0.444,1439.122
25.184,ebus2030_w_diesel_14m,1.0,0.0,-5,1.94,2.792,2.182,1.377,0.034,0.201,1.611,2.219,1.096,1.123,0.444,0.444,1439.122
25.184,ebus2030_w_diesel_14m,1.0,0.0,0,1.468,2.113,1.541,0.736,0.034,0.201,0.969,2.216,1.093,1.123,0.443,0.443,1439.122
25.184,ebus2030_w_diesel_14m,1.0,0.0,5,1.635,2.353,0.967,0.967,0.034,0.201,1.201,2.213,1.089,1.124,0.443,0.443,1439.122
25.184,ebus2030_w_diesel_14m,1.0,0.0,10,1.051,1.512,0.171,0.171,0.034,0.201,0.405,2.21,1.086,1.124,0.443,0.443,1439.122
25.184,ebus2030_w_diesel_14m,1.0,0.0,15,1.131,1.627,-0.426,0.284,0.034,0.201,0.517,2.208,1.083,1.125,0.443,0.443,1439.122
25.184,ebus2030_w_diesel_14m,1.0,0.0,20,1.168,1.681,-0.507,0.338,0.034,0.201,0.572,2.205,1.08,1.126,0.443,0.443,1439.122
25.184,ebus2030_w_diesel_14m,1.0,0.0,25,1.251,1.8,-0.68,0.453,0.034,0.201,0.687,2.203,1.077,1.126,0.442,0.442,1439.122
25.184,ebus2030_w_diesel_14m,1.0,0.0,30,1.41,2.03,-1.011,0.674,0.034,0.201,0.908,2.2,1.074,1.127,0.442,0.442,1439.122
25.184,ebus2030_w_diesel_14m,1.0,0.05,-20,7.687,11.062,6.142,5.337,0.034,0.201,5.571,5.569,5.213,0.356,0.629,0.629,1439.122
25.184,ebus2030_w_diesel_14m,1.0,0.05,-15,6.614,9.518,4.665,3.86,0.034,0.201,4.094,5.566,5.209,0.357,0.629,0.629,1439.122
25.184,ebus2030_w_diesel_14m,1.0,0.05,-10,5.647,8.126,3.346,2.541,0.034,0.201,2.775,5.563,5.205,0.357,0.628,0.628,1439.122
25.184,ebus2030_w_diesel_14m,1.0,0.05,-5,4.793,6.898,2.182,1.377,0.034,0.201,1.611,5.559,5.202,0.358,0.628,0.628,1439.122
25.184,ebus2030_w_diesel_14m,1.0,0.05,0,4.321,6.219,1.541,0.736,0.034,0.201,0.969,5.556,5.198,0.358,0.628,0.628,1439.122
25.184,ebus2030_w_diesel_14m,1.0,0.05,5,4.488,6.459,0.967,0.967,0.034,0.201,1.201,5.554,5.195,0.359,0.628,0.628,1439.122
25.184,ebus2030_w_diesel_14m,1.0,0.05,10,3.904,5.618,0.171,0.171,0.034,0.201,0.405,5.551,5.192,0.359,0.627,0.627,1439.122
25.184,ebus2030_w_diesel_14m,1.0,0.05,15,3.984,5.733,-0.426,0.284,0.034,0.201,0.517,5.548,5.188,0.36,0.627,0.627,1439.122
25.184,ebus2030_w_diesel_14m,1.0,0.05,20,4.021,5.787,-0.507,0.338,0.034,0.201,0.572,5.546,5.185,0.36,0.627,0.627,1439.122
25.184,ebus2030_w_diesel_14m,1.0,0.05,25,4.104,5.906,-0.68,0.453,0.034,0.201,0.687,5.543,5.182,0.361,0.627,0.627,1439.122
25.184,ebus2030_w_diesel_14m,1.0,0.05,30,4.263,6.135,-1.011,0.674,0.034,0.201,0.908,5.541,5.18,0.361,0.627,0.627,1439.122
29.997,ebus2030_w_diesel_14m,0.0,-0.05,-20,2.447,4.867,7.726,6.792,0.039,0.233,7.063,0.253,-2.568,2.821,0.453,0.453,1989.122
29.997,ebus2030_w_diesel_14m,0.0,-0.05,-15,1.536,3.055,6.011,5.077,0.039,0.233,5.348,0.252,-2.574,2.826,0.453,0.453,1989.122
29.997,ebus2030_w_diesel_14m,0.0,-0.05,-10,0.722,1.437,4.479,3.545,0.039,0.233,3.816,0.251,-2.58,2.831,0.454,0.454,1989.122
29.997,ebus2030_w_diesel_14m,0.0,-0.05,-5,0.004,0.008,3.127,2.192,0.039,0.233,2.464,0.25,-2.585,2.835,0.454,0.454,1989.122
29.997,ebus2030_w_diesel_14m,0.0,-0.05,0,-0.393,-0.782,2.381,1.447,0.039,0.233,1.718,0.249,-2.591,2.84,0.454,0.454,1989.122
29.997,ebus2030_w_diesel_14m,0.0,-0.05,5,-0.254,-0.506,1.714,1.714,0.039,0.233,1.985,0.248,-2.596,2.844,0.455,0.455,1989.122
29.997,ebus2030_w_diesel_14m,0.0,-0.05,10,-0.747,-1.485,0.789,0.789,0.039,0.233,1.06,0.247,-2.601,2.848,0.455,0.455,1989.122
29.997,ebus2030_w_diesel_14m,0.0,-0.05,15,-1.116,-2.221,0.094,0.094,0.039,0.233,0.366,0.246,-2.605,2.852,0.456,0.456,1989.122
29.997,ebus2030_w_diesel_14m,0.0,-0.05,20,-1.169,-2.325,0.0,0.0,0.039,0.233,0.271,0.246,-2.61,2.856,0.456,0.456,1989.122
29.997,ebus2030_w_diesel_14m,0.0,-0.05,25,-1.1,-2.187,-0.202,0.135,0.039,0.233,0.406,0.245,-2.614,2.859,0.456,0.456,1989.122
29.997,ebus2030_w_diesel_14m,0.0,-0.05,30,-0.966,-1.921,-0.587,0.392,0.039,0.233,0.663,0.244,-2.619,2.863,0.456,0.456,1989.122
29.997,ebus2030_w_diesel_14m,0.0,0.0,-20,4.308,8.57,7.726,6.792,0.039,0.233,7.063,1.912,1.135,0.777,0.346,0.346,1989.122
29.997,ebus2030_w_diesel_14m,0.0,0.0,-15,3.397,6.757,6.011,5.077,0.039,0.233,5.348,1.906,1.128,0.778,0.345,0.345,1989.122
29.997,ebus2030_w_diesel_14m,0.0,0.0,-10,2.583,5.138,4.479,3.545,0.039,0.233,3.816,1.9,1.121,0.778,0.345,0.345,1989.122
29.997,ebus2030_w_diesel_14m,0.0,0.0,-5,1.864,3.708,3.127,2.192,0.039,0.233,2.464,1.894,1.115,0.779,0.344,0.344,1989.122
29.997,ebus2030_w_diesel_14m,0.0,0.0,0,1.466,2.917,2.381,1.447,0.039,0.233,1.718,1.888,1.109,0.78,0.344,0.344,1989.122
29.997,ebus2030_w_diesel_14m,0.0,0.0,5,1.605,3.192,1.714,1.714,0.039,0.233,1.985,1.883,1.103,0.78,0.343,0.343,1989.122
29.997,ebus2030_w_diesel_14m,0.0,0.0,10,1.112,2.213,0.789,0.789,0.039,0.233,1.06,1.878,1.097,0.781,0.343,0.343,1989.122
29.997,ebus2030_w_diesel_14m,0.0,0.0,15,0.742,1.476,0.094,0.094,0.039,0.233,0.366,1.873,1.091,0.781,0.342,0.342,1989.122
29.997,ebus2030_w_diesel_14m,0.0,0.0,20,0.689,1.371,0.0,0.0,0.039,0.233,0.271,1.868,1.086,0.782,0.342,0.342,1989.122
29.997,ebus2030_w_diesel_14m,0.0,0.0,25,0.758,1.508,-0.202,0.135,0.039,0.233,0.406,1.863,1.081,0.782,0.341,0.341,1989.122
29.997,ebus2030_w_diesel_14m,0.0,0.0,30,0.892,1.773,-0.587,0.392,0.039,0.233,0.663,1.859,1.076,0.783,0.341,0.341,1989.122
29.997,ebus2030_w_diesel_14m,0.0,0.05,-20,6.347,12.625,7.726,6.792,0.039,0.233,7.063,5.431,5.191,0.241,0.593,0.593,1989.122
29.997,ebus2030_w_diesel_14m,0.0,0.05,-15,5.436,10.813,6.011,5.077,0.039,0.233,5.348,5.425,5.184,0.241,0.592,0.592,1989.122
29.997,ebus2030_w_diesel_14m,0.0,0.05,-10,4.622,9.194,4.479,3.545,0.039,0.233,3.816,5.419,5.177,0.242,0.591,0.591,1989.122
29.997,ebus2030_w_diesel_14m,0.0,0.05,-5,3.903,7.764,3.127,2.192,0.039,0.233,2.464,5.413,5.171,0.242,0.591,0.591,1989.122
29.997,ebus2030_w_diesel_14m,0.0,0.05,0,3.505,6.973,2.381,1.447,0.039,0.233,1.718,5.407,5.164,0.243,0.59,0.59,1989.122
29.997,ebus2030_w_diesel_14m,0.0,0.05,5,3.644,7.248,1.714,1.714,0.039,0.233,1.985,5.402,5.158,0.244,0.59,0.59,1989.122
29.997,ebus2030_w_diesel_14m,0.0,0.05,10,3.151,6.268,0.789,0.789,0.039,0.233,1.06,5.397,5.153,0.244,0.589,0.589,1989.122
29.997,ebus2030_w_diesel_14m,0.0,0.05,15,2.781,5.532,0.094,0.094,0.039,0.233,0.366,5.392,5.147,0.245,0.589,0.589,1989.122
29.997,ebus2030_w_diesel_14m,0.0,0.05,20,2.728,5.427,0.0,0.0,0.039,0.233,0.271,5.387,5.142,0.245,0.589,0.589,1989.122
29.997,ebus2030_w_diesel_14m,0.0,0.05,25,2.797,5.564,-0.202,0.135,0.039,0.233,0.406,5.382,5.137,0.245,0.588,0.588,1989.122
29.997,ebus2030_w_diesel_14m,0.0,0.05,30,2.93,5.829,-0.587,0.392,0.039,0.233,0.663,5.377,5.132,0.246,0.588,0.588,1989.122
29.997,ebus2030_w_diesel_14m,0.5,-0.05,-20,1.985,3.949,7.432,6.498,0.039,0.233,6.769,0.295,-3.177,3.472,0.553,0.553,1989.122
29.997,ebus2030_w_diesel_14m,0.5,-0.05,-15,1.075,2.137,5.717,4.783,0.039,0.233,5.054,0.294,-3.183,3.476,0.554,0.554,1989.122
29.997,ebus2030_w_diesel_14m,0.5,-0.05,-10,0.261,0.519,4.185,3.251,0.039,0.233,3.522,0.293,-3.188,3.481,0.554,0.554,1989.122
29.997,ebus2030_w_diesel_14m,0.5,-0.05,-5,-0.458,-0.91,2.833,1.898,0.039,0.233,2.17,0.292,-3.194,3.486,0.555,0.555,1989.122
29.997,ebus2030_w_diesel_14m,0.5,-0.05,0,-0.855,-1.7,2.087,1.153,0.039,0.233,1.424,0.291,-3.199,3.49,0.555,0.555,1989.122
29.997,ebus2030_w_diesel_14m,0.5,-0.05,5,-0.716,-1.424,1.42,1.42,0.039,0.233,1.691,0.29,-3.204,3.494,0.555,0.555,1989.122
29.997,ebus2030_w_diesel_14m,0.5,-0.05,10,-1.208,-2.403,0.495,0.495,0.039,0.233,0.766,0.289,-3.209,3.498,0.556,0.556,1989.122
29.997,ebus2030_w_diesel_14m,0.5,-0.05,15,-1.402,-2.788,-0.2,0.133,0.039,0.233,0.404,0.288,-3.214,3.502,0.556,0.556,1989.122
29.997,ebus2030_w_diesel_14m,0.5,-0.05,20,-1.371,-2.727,-0.294,0.196,0.039,0.233,0.467,0.287,-3.218,3.506,0.556,0.556,1989.122
29.997,ebus2030_w_diesel_14m,0.5,-0.05,25,-1.302,-2.59,-0.496,0.331,0.039,0.233,0.602,0.287,-3.223,3.509,0.557,0.557,1989.122
29.997,ebus2030_w_diesel_14m,0.5,-0.05,30,-1.168,-2.323,-0.881,0.588,0.039,0.233,0.859,0.286,-3.227,3.513,0.557,0.557,1989.122
29.997,ebus2030_w_diesel_14m,0.5,0.0,-20,4.235,8.424,7.432,6.498,0.039,0.233,6.769,2.247,1.298,0.949,0.413,0.413,1989.122
29.997,ebus2030_w_diesel_14m,0.5,0.0,-15,3.324,6.611,5.717,4.783,0.039,0.233,5.054,2.241,1.292,0.95,0.412,0.412,1989.122
29.997,ebus2030_w_diesel_14m,0.5,0.0,-10,2.51,4.992,4.185,3.251,0.039,0.233,3.522,2.235,1.285,0.95,0.412,0.412,1989.122
29.997,ebus2030_w_diesel_14m,0.5,0.0,-5,1.791,3.562,2.833,1.898,0.039,0.233,2.17,2.229,1.278,0.951,0.411,0.411,1989.122
29.997,ebus2030_w_diesel_14m,0.5,0.0,0,1.393,2.771,2.087,1.153,0.039,0.233,1.424,2.224,1.272,0.952,0.411,0.411,1989.122
29.997,ebus2030_w_diesel_14m,0.5,0.0,5,1.532,3.046,1.42,1.42,0.039,0.233,1.691,2.218,1.266,0.952,0.41,0.41,1989.122
29.997,ebus2030_w_diesel_14m,0.5,0.0,10,1.039,2.067,0.495,0.495,0.039,0.233,0.766,2.213,1.261,0.953,0.41,0.41,1989.122
29.997,ebus2030_w_diesel_14m,0.5,0.0,15,0.845,1.68,-0.2,0.133,0.039,0.233,0.404,2.208,1.255,0.953,0.409,0.409,1989.122
29.997,ebus2030_w_diesel_14m,0.5,0.0,20,0.875,1.741,-0.294,0.196,0.039,0.233,0.467,2.203,1.25,0.954,0.409,0.409,1989.122
29.997,ebus2030_w_diesel_14m,0.5,0.0,25,0.944,1.878,-0.496,0.331,0.039,0.233,0.602,2.199,1.245,0.954,0.408,0.408,1989.122
29.997,ebus2030_w_diesel_14m,0.5,0.0,30,1.078,2.143,-0.881,0.588,0.039,0.233,0.859,2.194,1.24,0.955,0.408,0.408,1989.122
29.997,ebus2030_w_diesel_14m,0.5,0.05,-20,6.705,13.337,7.432,6.498,0.039,0.233,6.769,6.51,6.212,0.298,0.712,0.712,1989.122
29.997,ebus2030_w_diesel_14m,0.5,0.05,-15,5.794,11.525,5.717,4.783,0.039,0.233,5.054,6.504,6.205,0.299,0.711,0.711,1989.122
29.997,ebus2030_w_diesel_14m,0.5,0.05,-10,4.98,9.905,4.185,3.251,0.039,0.233,3.522,6.498,6.198,0.299,0.711,0.711,1989.122
29.997,ebus2030_w_diesel_14m,0.5,0.05,-5,4.261,8.475,2.833,1.898,0.039,0.233,2.17,6.492,6.192,0.3,0.71,0.71,1989.122
29.997,ebus2030_w_diesel_14m,0.5,0.05,0,3.863,7.684,2.087,1.153,0.039,0.233,1.424,6.486,6.186,0.301,0.71,0.71,1989.122
29.997,ebus2030_w_diesel_14m,0.5,0.05,5,4.002,7.96,1.42,1.42,0.039,0.233,1.691,6.481,6.18,0.301,0.709,0.709,1989.122
29.997,ebus2030_w_diesel_14m,0.5,0.05,10,3.509,6.98,0.495,0.495,0.039,0.233,0.766,6.476,6.174,0.302,0.709,0.709,1989.122
29.997,ebus2030_w_diesel_14m,0.5,0.05,15,3.315,6.594,-0.2,0.133,0.039,0.233,0.404,6.47,6.168,0.302,0.708,0.708,1989.122
29.997,ebus2030_w_diesel_14m,0.5,0.05,20,3.346,6.655,-0.294,0.196,0.039,0.233,0.467,6.466,6.163,0.303,0.708,0.708,1989.122
29.997,ebus2030_w_diesel_14m,0.5,0.05,25,3.414,6.791,-0.496,0.331,0.039,0.233,0.602,6.461,6.158,0.303,0.707,0.707,1989.122
29.997,ebus2030_w_diesel_14m,0.5,0.05,30,3.548,7.057,-0.881,0.588,0.039,0.233,0.859,6.456,6.153,0.303,0.707,0.707,1989.122
29.997,ebus2030_w_diesel_14m,1.0,-0.05,-20,1.524,3.031,7.138,6.204,0.039,0.233,6.475,0.337,-3.785,4.122,0.654,0.654,1989.122
29.997,ebus2030_w_diesel_14m,1.0,-0.05,-15,0.613,1.219,5.423,4.489,0.039,0.233,4.76,0.336,-3.791,4.127,0.654,0.654,1989.122
29.997,ebus2030_w_diesel_14m,1.0,-0.05,-10,-0.201,-0.399,3.891,2.957,0.039,0.233,3.228,0.335,-3.797,4.131,0.655,0.655,1989.122
29.997,ebus2030_w_diesel_14m,1.0,-0.05,-5,-0.919,-1.828,2.538,1.604,0.039,0.233,1.875,0.334,-3.802,4.136,0.655,0.655,1989.122
29.997,ebus2030_w_diesel_14m,1.0,-0.05,0,-1.316,-2.618,1.793,0.859,0.039,0.233,1.13,0.333,-3.808,4.14,0.656,0.656,1989.122
29.997,ebus2030_w_diesel_14m,1.0,-0.05,5,-1.177,-2.342,1.126,1.126,0.039,0.233,1.397,0.332,-3.813,4.144,0.656,0.656,1989.122
29.997,ebus2030_w_diesel_14m,1.0,-0.05,10,-1.67,-3.321,0.201,0.201,0.039,0.233,0.472,0.331,-3.818,4.148,0.656,0.656,1989.122
29.997,ebus2030_w_diesel_14m,1.0,-0.05,15,-1.604,-3.191,-0.494,0.329,0.039,0.233,0.6,0.33,-3.822,4.152,0.657,0.657,1989.122
29.997,ebus2030_w_diesel_14m,1.0,-0.05,20,-1.573,-3.129,-0.588,0.392,0.039,0.233,0.663,0.329,-3.827,4.156,0.657,0.657,1989.122
29.997,ebus2030_w_diesel_14m,1.0,-0.05,25,-1.504,-2.992,-0.79,0.527,0.039,0.233,0.798,0.328,-3.831,4.16,0.657,0.657,1989.122
29.997,ebus2030_w_diesel_14m,1.0,-0.05,30,-1.37,-2.725,-1.175,0.784,0.039,0.233,1.055,0.327,-3.836,4.163,0.658,0.658,1989.122
29.997,ebus2030_w_diesel_14m,1.0,0.0,-20,4.162,8.278,7.138,6.204,0.039,0.233,6.475,2.583,1.462,1.121,0.48,0.48,1989.122
29.997,ebus2030_w_diesel_14m,1.0,0.0,-15,3.251,6.466,5.423,4.489,0.039,0.233,4.76,2.577,1.455,1.121,0.479,0.479,1989.122
29.997,ebus2030_w_diesel_14m,1.0,0.0,-10,2.436,4.846,3.891,2.957,0.039,0.233,3.228,2.571,1.449,1.122,0.479,0.479,1989.122
29.997,ebus2030_w_diesel_14m,1.0,0.0,-5,1.718,3.416,2.538,1.604,0.039,0.233,1.875,2.565,1.442,1.123,0.478,0.478,1989.122
29.997,ebus2030_w_diesel_14m,1.0,0.0,0,1.32,2.625,1.793,0.859,0.039,0.233,1.13,2.559,1.436,1.123,0.478,0.478,1989.122
29.997,ebus2030_w_diesel_14m,1.0,0.0,5,1.458,2.901,1.126,1.126,0.039,0.233,1.397,2.554,1.43,1.124,0.477,0.477,1989.122
29.997,ebus2030_w_diesel_14m,1.0,0.0,10,0.966,1.921,0.201,0.201,0.039,0.233,0.472,2.549,1.424,1.124,0.477,0.477,1989.122
29.997,ebus2030_w_diesel_14m,1.0,0.0,15,1.031,2.051,-0.494,0.329,0.039,0.233,0.6,2.544,1.419,1.125,0.476,0.476,1989.122
29.997,ebus2030_w_diesel_14m,1.0,0.0,20,1.062,2.112,-0.588,0.392,0.039,0.233,0.663,2.539,1.413,1.126,0.476,0.476,1989.122
29.997,ebus2030_w_diesel_14m,1.0,0.0,25,1.13,2.248,-0.79,0.527,0.039,0.233,0.798,2.534,1.408,1.126,0.475,0.475,1989.122
29.997,ebus2030_w_diesel_14m,1.0,0.0,30,1.264,2.514,-1.175,0.784,0.039,0.233,1.055,2.53,1.403,1.127,0.475,0.475,1989.122
29.997,ebus2030_w_diesel_14m,1.0,0.05,-20,7.055,14.034,7.138,6.204,0.039,0.233,6.475,7.589,7.233,0.356,0.831,0.831,1989.122
29.997,ebus2030_w_diesel_14m,1.0,0.05,-15,6.151,12.236,5.423,4.489,0.039,0.233,4.76,7.583,7.226,0.357,0.83,0.83,1989.122
29.997,ebus2030_w_diesel_14m,1.0,0.05,-10,5.338,10.617,3.891,2.957,0.039,0.233,3.228,7.577,7.219,0.357,0.83,0.83,1989.122
29.997,ebus2030_w_diesel_14m,1.0,0.05,-5,4.619,9.187,2.538,1.604,0.039,0.233,1.875,7.571,7.213,0.358,0.829,0.829,1989.122
29.997,ebus2030_w_diesel_14m,1.0,0.05,0,4.221,8.396,1.793,0.859,0.039,0.233,1.13,7.565,7.207,0.358,0.829,0.829,1989.122
29.997,ebus2030_w_diesel_14m,1.0,0.05,5,4.359,8.671,1.126,1.126,0.039,0.233,1.397,7.56,7.201,0.359,0.828,0.828,1989.122
29.997,ebus2030_w_diesel_14m,1.0,0.05,10,3.867,7.692,0.201,0.201,0.039,0.233,0.472,7.554,7.195,0.359,0.828,0.828,1989.122
29.997,ebus2030_w_diesel_14m,1.0,0.05,15,3.932,7.821,-0.494,0.329,0.039,0.233,0.6,7.549,7.19,0.36,0.827,0.827,1989.122
29.997,ebus2030_w_diesel_14m,1.0,0.05,20,3.963,7.882,-0.588,0.392,0.039,0.233,0.663,7.544,7.184,0.36,0.827,0.827,1989.122
29.997,ebus2030_w_diesel_14m,1.0,0.05,25,4.031,8.019,-0.79,0.527,0.039,0.233,0.798,7.54,7.179,0.361,0.826,0.826,1989.122
29.997,ebus2030_w_diesel_14m,1.0,0.05,30,4.165,8.284,-1.175,0.784,0.039,0.233,1.055,7.535,7.174,0.361,0.826,0.826,1989.122
