level_of_loading,incline,mean_speed_kmh,t_amb,consumption_kwh_per_km
0,-0.04,12.1,-15,2.967
0,-0.04,12.1,-5,1.823
0,-0.04,12.1,5,0.844
0,-0.04,12.1,15,0.034
0,-0.04,12.1,25,-0.181
0,-0.04,12.1,35,0.314
0,-0.04,18,-15,1.658
0,-0.04,18,-5,0.939
0,-0.04,18,5,0.317
0,-0.04,18,15,-0.208
0,-0.04,18,25,-0.353
0,-0.04,18,35,-0.034
0,-0.04,25.2,-15,0.724
0,-0.04,25.2,-5,0.33
0,-0.04,25.2,5,-0.026
0,-0.04,25.2,15,-0.347
0,-0.04,25.2,25,-0.445
0,-0.04,25.2,35,-0.248
0,-0.04,30,-15,0.476
0,-0.04,30,-5,0.153
0,-0.04,30,5,-0.141
0,-0.04,30,15,-0.408
0,-0.04,30,25,-0.492
0,-0.04,30,35,-0.33
0,-0.04,37.1,-15,0.281
0,-0.04,37.1,-5,0.008
0,-0.04,37.1,5,-0.241
0,-0.04,37.1,15,-0.465
0,-0.04,37.1,25,-0.536
0,-0.04,37.1,35,-0.404
0,-0.03,12.1,-15,3.297
0,-0.03,12.1,-5,2.153
0,-0.03,12.1,5,1.175
0,-0.03,12.1,15,0.365
0,-0.03,12.1,25,0.149
0,-0.03,12.1,35,0.644
0,-0.03,18,-15,1.996
0,-0.03,18,-5,1.277
0,-0.03,18,5,0.654
0,-0.03,18,15,0.13
0,-0.03,18,25,-0.015
0,-0.03,18,35,0.304
0,-0.03,25.2,-15,1.072
0,-0.03,25.2,-5,0.678
0,-0.03,25.2,5,0.321
0,-0.03,25.2,15,0.001
0,-0.03,25.2,25,-0.097
0,-0.03,25.2,35,0.099
0,-0.03,30,-15,0.812
0,-0.03,30,-5,0.489
0,-0.03,30,5,0.195
0,-0.03,30,15,-0.072
0,-0.03,30,25,-0.156
0,-0.03,30,35,0.006
0,-0.03,37.1,-15,0.606
0,-0.03,37.1,-5,0.332
0,-0.03,37.1,5,0.084
0,-0.03,37.1,15,-0.14
0,-0.03,37.1,25,-0.212
0,-0.03,37.1,35,-0.08
0,-0.02,12.1,-15,3.628
0,-0.02,12.1,-5,2.484
0,-0.02,12.1,5,1.505
0,-0.02,12.1,15,0.695
0,-0.02,12.1,25,0.48
0,-0.02,12.1,35,0.974
0,-0.02,18,-15,2.334
0,-0.02,18,-5,1.615
0,-0.02,18,5,0.992
0,-0.02,18,15,0.467
0,-0.02,18,25,0.322
0,-0.02,18,35,0.642
0,-0.02,25.2,-15,1.42
0,-0.02,25.2,-5,1.026
0,-0.02,25.2,5,0.669
0,-0.02,25.2,15,0.349
0,-0.02,25.2,25,0.251
0,-0.02,25.2,35,0.447
0,-0.02,30,-15,1.148
0,-0.02,30,-5,0.826
0,-0.02,30,5,0.531
0,-0.02,30,15,0.264
0,-0.02,30,25,0.18
0,-0.02,30,35,0.342
0,-0.02,37.1,-15,0.93
0,-0.02,37.1,-5,0.657
0,-0.02,37.1,5,0.408
0,-0.02,37.1,15,0.184
0,-0.02,37.1,25,0.113
0,-0.02,37.1,35,0.245
0,-0.01,12.1,-15,3.97
0,-0.01,12.1,-5,2.826
0,-0.01,12.1,5,1.847
0,-0.01,12.1,15,1.036
0,-0.01,12.1,25,0.82
0,-0.01,12.1,35,1.315
0,-0.01,18,-15,2.702
0,-0.01,18,-5,1.982
0,-0.01,18,5,1.358
0,-0.01,18,15,0.833
0,-0.01,18,25,0.687
0,-0.01,18,35,1.005
0,-0.01,25.2,-15,1.8
0,-0.01,25.2,-5,1.406
0,-0.01,25.2,5,1.048
0,-0.01,25.2,15,0.726
0,-0.01,25.2,25,0.627
0,-0.01,25.2,35,0.823
0,-0.01,30,-15,1.541
0,-0.01,30,-5,1.217
0,-0.01,30,5,0.92
0,-0.01,30,15,0.651
0,-0.01,30,25,0.566
0,-0.01,30,35,0.726
0,-0.01,37.1,-15,1.338
0,-0.01,37.1,-5,1.062
0,-0.01,37.1,5,0.81
0,-0.01,37.1,15,0.583
0,-0.01,37.1,25,0.51
0,-0.01,37.1,35,0.639
0,0,12.1,-15,4.356
0,0,12.1,-5,3.211
0,0,12.1,5,2.232
0,0,12.1,15,1.422
0,0,12.1,25,1.206
0,0,12.1,35,1.7
0,0,18,-15,3.099
0,0,18,-5,2.379
0,0,18,5,1.756
0,0,18,15,1.23
0,0,18,25,1.084
0,0,18,35,1.402
0,0,25.2,-15,2.201
0,0,25.2,-5,1.806
0,0,25.2,5,1.448
0,0,25.2,15,1.127
0,0,25.2,25,1.028
0,0,25.2,35,1.223
0,0,30,-15,1.953
0,0,30,-5,1.628
0,0,30,5,1.331
0,0,30,15,1.062
0,0,30,25,0.977
0,0,30,35,1.137
0,0,37.1,-15,1.76
0,0,37.1,-5,1.484
0,0,37.1,5,1.232
0,0,37.1,15,1.006
0,0,37.1,25,0.932
0,0,37.1,35,1.062
0,0.01,12.1,-15,4.742
0,0.01,12.1,-5,3.597
0,0.01,12.1,5,2.618
0,0.01,12.1,15,1.808
0,0.01,12.1,25,1.592
0,0.01,12.1,35,2.087
0,0.01,18,-15,3.497
0,0.01,18,-5,2.777
0,0.01,18,5,2.154
0,0.01,18,15,1.628
0,0.01,18,25,1.482
0,0.01,18,35,1.8
0,0.01,25.2,-15,2.602
0,0.01,25.2,-5,2.207
0,0.01,25.2,5,1.849
0,0.01,25.2,15,1.528
0,0.01,25.2,25,1.429
0,0.01,25.2,35,1.624
0,0.01,30,-15,2.364
0,0.01,30,-5,2.039
0,0.01,30,5,1.743
0,0.01,30,15,1.474
0,0.01,30,25,1.388
0,0.01,30,35,1.548
0,0.01,37.1,-15,2.183
0,0.01,37.1,-5,1.907
0,0.01,37.1,5,1.655
0,0.01,37.1,15,1.428
0,0.01,37.1,25,1.354
0,0.01,37.1,35,1.484
0,0.02,12.1,-15,5.128
0,0.02,12.1,-5,3.983
0,0.02,12.1,5,3.005
0,0.02,12.1,15,2.194
0,0.02,12.1,25,1.978
0,0.02,12.1,35,2.473
0,0.02,18,-15,3.895
0,0.02,18,-5,3.175
0,0.02,18,5,2.551
0,0.02,18,15,2.026
0,0.02,18,25,1.88
0,0.02,18,35,2.198
0,0.02,25.2,-15,3.003
0,0.02,25.2,-5,2.608
0,0.02,25.2,5,2.25
0,0.02,25.2,15,1.928
0,0.02,25.2,25,1.83
0,0.02,25.2,35,2.025
0,0.02,30,-15,2.775
0,0.02,30,-5,2.451
0,0.02,30,5,2.154
0,0.02,30,15,1.885
0,0.02,30,25,1.8
0,0.02,30,35,1.96
0,0.02,37.1,-15,2.606
0,0.02,37.1,-5,2.329
0,0.02,37.1,5,2.078
0,0.02,37.1,15,1.851
0,0.02,37.1,25,1.777
0,0.02,37.1,35,1.907
0,0.03,12.1,-15,5.514
0,0.03,12.1,-5,4.37
0,0.03,12.1,5,3.391
0,0.03,12.1,15,2.58
0,0.03,12.1,25,2.364
0,0.03,12.1,35,2.859
0,0.03,18,-15,4.293
0,0.03,18,-5,3.573
0,0.03,18,5,2.949
0,0.03,18,15,2.424
0,0.03,18,25,2.278
0,0.03,18,35,2.596
0,0.03,25.2,-15,3.405
0,0.03,25.2,-5,3.01
0,0.03,25.2,5,2.652
0,0.03,25.2,15,2.33
0,0.03,25.2,25,2.231
0,0.03,25.2,35,2.427
0,0.03,30,-15,3.187
0,0.03,30,-5,2.862
0,0.03,30,5,2.566
0,0.03,30,15,2.297
0,0.03,30,25,2.211
0,0.03,30,35,2.371
0,0.03,37.1,-15,3.028
0,0.03,37.1,-5,2.752
0,0.03,37.1,5,2.5
0,0.03,37.1,15,2.274
0,0.03,37.1,25,2.2
0,0.03,37.1,35,2.329
0,0.04,12.1,-15,5.9
0,0.04,12.1,-5,4.756
0,0.04,12.1,5,3.777
0,0.04,12.1,15,2.966
0,0.04,12.1,25,2.75
0,0.04,12.1,35,3.245
0,0.04,18,-15,4.691
0,0.04,18,-5,3.971
0,0.04,18,5,3.347
0,0.04,18,15,2.821
0,0.04,18,25,2.676
0,0.04,18,35,2.994
0,0.04,25.2,-15,3.806
0,0.04,25.2,-5,3.411
0,0.04,25.2,5,3.053
0,0.04,25.2,15,2.732
0,0.04,25.2,25,2.633
0,0.04,25.2,35,2.828
0,0.04,30,-15,3.599
0,0.04,30,-5,3.274
0,0.04,30,5,2.977
0,0.04,30,15,2.709
0,0.04,30,25,2.623
0,0.04,30,35,2.783
0,0.04,37.1,-15,3.451
0,0.04,37.1,-5,3.175
0,0.04,37.1,5,2.923
0,0.04,37.1,15,2.696
0,0.04,37.1,25,2.623
0,0.04,37.1,35,2.752
0.3,-0.04,12.1,-15,2.648
0.3,-0.04,12.1,-5,1.504
0.3,-0.04,12.1,5,0.526
0.3,-0.04,12.1,15,-0.284
0.3,-0.04,12.1,25,-0.177
0.3,-0.04,12.1,35,0.373
0.3,-0.04,18,-15,1.4
0.3,-0.04,18,-5,0.682
0.3,-0.04,18,5,0.059
0.3,-0.04,18,15,-0.466
0.3,-0.04,18,25,-0.393
0.3,-0.04,18,35,-0.036
0.3,-0.04,25.2,-15,0.505
0.3,-0.04,25.2,-5,0.111
0.3,-0.04,25.2,5,-0.246
0.3,-0.04,25.2,15,-0.566
0.3,-0.04,25.2,25,-0.508
0.3,-0.04,25.2,35,-0.285
0.3,-0.04,30,-15,0.268
0.3,-0.04,30,-5,-0.054
0.3,-0.04,30,5,-0.349
0.3,-0.04,30,15,-0.616
0.3,-0.04,30,25,-0.569
0.3,-0.04,30,35,-0.385
0.3,-0.04,37.1,-15,0.085
0.3,-0.04,37.1,-5,-0.189
0.3,-0.04,37.1,5,-0.437
0.3,-0.04,37.1,15,-0.661
0.3,-0.04,37.1,25,-0.627
0.3,-0.04,37.1,35,-0.477
0.3,-0.03,12.1,-15,3.025
0.3,-0.03,12.1,-5,1.881
0.3,-0.03,12.1,5,0.902
0.3,-0.03,12.1,15,0.092
0.3,-0.03,12.1,25,0.2
0.3,-0.03,12.1,35,0.75
0.3,-0.03,18,-15,1.786
0.3,-0.03,18,-5,1.067
0.3,-0.03,18,5,0.444
0.3,-0.03,18,15,-0.08
0.3,-0.03,18,25,-0.007
0.3,-0.03,18,35,0.349
0.3,-0.03,25.2,-15,0.901
0.3,-0.03,25.2,-5,0.507
0.3,-0.03,25.2,5,0.151
0.3,-0.03,25.2,15,-0.17
0.3,-0.03,25.2,25,-0.112
0.3,-0.03,25.2,35,0.111
0.3,-0.03,30,-15,0.651
0.3,-0.03,30,-5,0.329
0.3,-0.03,30,5,0.034
0.3,-0.03,30,15,-0.233
0.3,-0.03,30,25,-0.186
0.3,-0.03,30,35,-0.002
0.3,-0.03,37.1,-15,0.455
0.3,-0.03,37.1,-5,0.181
0.3,-0.03,37.1,5,-0.067
0.3,-0.03,37.1,15,-0.292
0.3,-0.03,37.1,25,-0.257
0.3,-0.03,37.1,35,-0.107
0.3,-0.02,12.1,-15,3.402
0.3,-0.02,12.1,-5,2.257
0.3,-0.02,12.1,5,1.279
0.3,-0.02,12.1,15,0.469
0.3,-0.02,12.1,25,0.577
0.3,-0.02,12.1,35,1.127
0.3,-0.02,18,-15,2.171
0.3,-0.02,18,-5,1.452
0.3,-0.02,18,5,0.83
0.3,-0.02,18,15,0.305
0.3,-0.02,18,25,0.378
0.3,-0.02,18,35,0.735
0.3,-0.02,25.2,-15,1.298
0.3,-0.02,25.2,-5,0.904
0.3,-0.02,25.2,5,0.548
0.3,-0.02,25.2,15,0.227
0.3,-0.02,25.2,25,0.285
0.3,-0.02,25.2,35,0.508
0.3,-0.02,30,-15,1.035
0.3,-0.02,30,-5,0.713
0.3,-0.02,30,5,0.418
0.3,-0.02,30,15,0.151
0.3,-0.02,30,25,0.198
0.3,-0.02,30,35,0.382
0.3,-0.02,37.1,-15,0.825
0.3,-0.02,37.1,-5,0.551
0.3,-0.02,37.1,5,0.303
0.3,-0.02,37.1,15,0.078
0.3,-0.02,37.1,25,0.113
0.3,-0.02,37.1,35,0.263
0.3,-0.01,12.1,-15,3.79
0.3,-0.01,12.1,-5,2.646
0.3,-0.01,12.1,5,1.667
0.3,-0.01,12.1,15,0.856
0.3,-0.01,12.1,25,0.964
0.3,-0.01,12.1,35,1.514
0.3,-0.01,18,-15,2.587
0.3,-0.01,18,-5,1.867
0.3,-0.01,18,5,1.243
0.3,-0.01,18,15,0.717
0.3,-0.01,18,25,0.79
0.3,-0.01,18,35,1.145
0.3,-0.01,25.2,-15,1.728
0.3,-0.01,25.2,-5,1.333
0.3,-0.01,25.2,5,0.975
0.3,-0.01,25.2,15,0.653
0.3,-0.01,25.2,25,0.71
0.3,-0.01,25.2,35,0.932
0.3,-0.01,30,-15,1.475
0.3,-0.01,30,-5,1.151
0.3,-0.01,30,5,0.854
0.3,-0.01,30,15,0.585
0.3,-0.01,30,25,0.63
0.3,-0.01,30,35,0.813
0.3,-0.01,37.1,-15,1.278
0.3,-0.01,37.1,-5,1.002
0.3,-0.01,37.1,5,0.75
0.3,-0.01,37.1,15,0.523
0.3,-0.01,37.1,25,0.555
0.3,-0.01,37.1,35,0.703
0.3,0,12.1,-15,4.23
0.3,0,12.1,-5,3.086
0.3,0,12.1,5,2.107
0.3,0,12.1,15,1.296
0.3,0,12.1,25,1.404
0.3,0,12.1,35,1.953
0.3,0,18,-15,3.04
0.3,0,18,-5,2.32
0.3,0,18,5,1.696
0.3,0,18,15,1.17
0.3,0,18,25,1.243
0.3,0,18,35,1.598
0.3,0,25.2,-15,2.185
0.3,0,25.2,-5,1.79
0.3,0,25.2,5,1.432
0.3,0,25.2,15,1.11
0.3,0,25.2,25,1.167
0.3,0,25.2,35,1.389
0.3,0,30,-15,1.944
0.3,0,30,-5,1.619
0.3,0,30,5,1.323
0.3,0,30,15,1.054
0.3,0,30,25,1.099
0.3,0,30,35,1.282
0.3,0,37.1,-15,1.759
0.3,0,37.1,-5,1.483
0.3,0,37.1,5,1.232
0.3,0,37.1,15,1.005
0.3,0,37.1,25,1.037
0.3,0,37.1,35,1.184
0.3,0.01,12.1,-15,4.67
0.3,0.01,12.1,-5,3.526
0.3,0.01,12.1,5,2.547
0.3,0.01,12.1,15,1.737
0.3,0.01,12.1,25,1.844
0.3,0.01,12.1,35,2.394
0.3,0.01,18,-15,3.494
0.3,0.01,18,-5,2.773
0.3,0.01,18,5,2.15
0.3,0.01,18,15,1.624
0.3,0.01,18,25,1.696
0.3,0.01,18,35,2.052
0.3,0.01,25.2,-15,2.642
0.3,0.01,25.2,-5,2.247
0.3,0.01,25.2,5,1.889
0.3,0.01,25.2,15,1.567
0.3,0.01,25.2,25,1.624
0.3,0.01,25.2,35,1.846
0.3,0.01,30,-15,2.413
0.3,0.01,30,-5,2.089
0.3,0.01,30,5,1.792
0.3,0.01,30,15,1.523
0.3,0.01,30,25,1.568
0.3,0.01,30,35,1.751
0.3,0.01,37.1,-15,2.241
0.3,0.01,37.1,-5,1.965
0.3,0.01,37.1,5,1.713
0.3,0.01,37.1,15,1.487
0.3,0.01,37.1,25,1.518
0.3,0.01,37.1,35,1.666
0.3,0.02,12.1,-15,5.111
0.3,0.02,12.1,-5,3.966
0.3,0.02,12.1,5,2.987
0.3,0.02,12.1,15,2.177
0.3,0.02,12.1,25,2.284
0.3,0.02,12.1,35,2.834
0.3,0.02,18,-15,3.947
0.3,0.02,18,-5,3.227
0.3,0.02,18,5,2.604
0.3,0.02,18,15,2.078
0.3,0.02,18,25,2.15
0.3,0.02,18,35,2.506
0.3,0.02,25.2,-15,3.099
0.3,0.02,25.2,-5,2.704
0.3,0.02,25.2,5,2.346
0.3,0.02,25.2,15,2.024
0.3,0.02,25.2,25,2.081
0.3,0.02,25.2,35,2.303
0.3,0.02,30,-15,2.882
0.3,0.02,30,-5,2.558
0.3,0.02,30,5,2.261
0.3,0.02,30,15,1.992
0.3,0.02,30,25,2.037
0.3,0.02,30,35,2.22
0.3,0.02,37.1,-15,2.723
0.3,0.02,37.1,-5,2.447
0.3,0.02,37.1,5,2.195
0.3,0.02,37.1,15,1.969
0.3,0.02,37.1,25,2.001
0.3,0.02,37.1,35,2.148
0.3,0.03,12.1,-15,5.551
0.3,0.03,12.1,-5,4.406
0.3,0.03,12.1,5,3.428
0.3,0.03,12.1,15,2.617
0.3,0.03,12.1,25,2.724
0.3,0.03,12.1,35,3.274
0.3,0.03,18,-15,4.401
0.3,0.03,18,-5,3.681
0.3,0.03,18,5,3.057
0.3,0.03,18,15,2.532
0.3,0.03,18,25,2.604
0.3,0.03,18,35,2.96
0.3,0.03,25.2,-15,3.557
0.3,0.03,25.2,-5,3.162
0.3,0.03,25.2,5,2.804
0.3,0.03,25.2,15,2.482
0.3,0.03,25.2,25,2.539
0.3,0.03,25.2,35,2.761
0.3,0.03,30,-15,3.352
0.3,0.03,30,-5,3.027
0.3,0.03,30,5,2.73
0.3,0.03,30,15,2.462
0.3,0.03,30,25,2.507
0.3,0.03,30,35,2.689
0.3,0.03,37.1,-15,3.205
0.3,0.03,37.1,-5,2.929
0.3,0.03,37.1,5,2.677
0.3,0.03,37.1,15,2.451
0.3,0.03,37.1,25,2.483
0.3,0.03,37.1,35,2.63
0.3,0.04,12.1,-15,5.991
0.3,0.04,12.1,-5,4.847
0.3,0.04,12.1,5,3.868
0.3,0.04,12.1,15,3.057
0.3,0.04,12.1,25,3.165
0.3,0.04,12.1,35,3.714
0.3,0.04,18,-15,4.855
0.3,0.04,18,-5,4.135
0.3,0.04,18,5,3.511
0.3,0.04,18,15,2.985
0.3,0.04,18,25,3.057
0.3,0.04,18,35,3.413
0.3,0.04,25.2,-15,4.015
0.3,0.04,25.2,-5,3.62
0.3,0.04,25.2,5,3.262
0.3,0.04,25.2,15,2.94
0.3,0.04,25.2,25,2.997
0.3,0.04,25.2,35,3.219
0.3,0.04,30,-15,3.821
0.3,0.04,30,-5,3.497
0.3,0.04,30,5,3.2
0.3,0.04,30,15,2.931
0.3,0.04,30,25,2.977
0.3,0.04,30,35,3.159
0.3,0.04,37.1,-15,3.687
0.3,0.04,37.1,-5,3.411
0.3,0.04,37.1,5,3.159
0.3,0.04,37.1,15,2.933
0.3,0.04,37.1,25,2.965
0.3,0.04,37.1,35,3.112
0.6,-0.04,12.1,-15,2.329
0.6,-0.04,12.1,-5,1.185
0.6,-0.04,12.1,5,0.207
0.6,-0.04,12.1,15,-0.413
0.6,-0.04,12.1,25,-0.173
0.6,-0.04,12.1,35,0.433
0.6,-0.04,18,-15,1.143
0.6,-0.04,18,-5,0.424
0.6,-0.04,18,5,-0.198
0.6,-0.04,18,15,-0.594
0.6,-0.04,18,25,-0.432
0.6,-0.04,18,35,-0.038
0.6,-0.04,25.2,-15,0.286
0.6,-0.04,25.2,-5,-0.108
0.6,-0.04,25.2,5,-0.465
0.6,-0.04,25.2,15,-0.689
0.6,-0.04,25.2,25,-0.572
0.6,-0.04,25.2,35,-0.322
0.6,-0.04,30,-15,0.061
0.6,-0.04,30,-5,-0.262
0.6,-0.04,30,5,-0.556
0.6,-0.04,30,15,-0.743
0.6,-0.04,30,25,-0.646
0.6,-0.04,30,35,-0.439
0.6,-0.04,37.1,-15,-0.112
0.6,-0.04,37.1,-5,-0.385
0.6,-0.04,37.1,5,-0.634
0.6,-0.04,37.1,15,-0.795
0.6,-0.04,37.1,25,-0.718
0.6,-0.04,37.1,35,-0.55
0.6,-0.03,12.1,-15,2.752
0.6,-0.03,12.1,-5,1.608
0.6,-0.03,12.1,5,0.63
0.6,-0.03,12.1,15,0.01
0.6,-0.03,12.1,25,0.251
0.6,-0.03,12.1,35,0.856
0.6,-0.03,18,-15,1.576
0.6,-0.03,18,-5,0.857
0.6,-0.03,18,5,0.234
0.6,-0.03,18,15,-0.162
0.6,-0.03,18,25,0.001
0.6,-0.03,18,35,0.395
0.6,-0.03,25.2,-15,0.731
0.6,-0.03,25.2,-5,0.337
0.6,-0.03,25.2,5,-0.02
0.6,-0.03,25.2,15,-0.244
0.6,-0.03,25.2,25,-0.127
0.6,-0.03,25.2,35,0.123
0.6,-0.03,30,-15,0.491
0.6,-0.03,30,-5,0.168
0.6,-0.03,30,5,-0.126
0.6,-0.03,30,15,-0.313
0.6,-0.03,30,25,-0.216
0.6,-0.03,30,35,-0.009
0.6,-0.03,37.1,-15,0.303
0.6,-0.03,37.1,-5,0.03
0.6,-0.03,37.1,5,-0.218
0.6,-0.03,37.1,15,-0.379
0.6,-0.03,37.1,25,-0.303
0.6,-0.03,37.1,35,-0.134
0.6,-0.02,12.1,-15,3.175
0.6,-0.02,12.1,-5,2.031
0.6,-0.02,12.1,5,1.053
0.6,-0.02,12.1,15,0.433
0.6,-0.02,12.1,25,0.674
0.6,-0.02,12.1,35,1.279
0.6,-0.02,18,-15,2.008
0.6,-0.02,18,-5,1.29
0.6,-0.02,18,5,0.667
0.6,-0.02,18,15,0.271
0.6,-0.02,18,25,0.434
0.6,-0.02,18,35,0.828
0.6,-0.02,25.2,-15,1.176
0.6,-0.02,25.2,-5,0.783
0.6,-0.02,25.2,5,0.426
0.6,-0.02,25.2,15,0.202
0.6,-0.02,25.2,25,0.319
0.6,-0.02,25.2,35,0.569
0.6,-0.02,30,-15,0.922
0.6,-0.02,30,-5,0.599
0.6,-0.02,30,5,0.305
0.6,-0.02,30,15,0.118
0.6,-0.02,30,25,0.215
0.6,-0.02,30,35,0.422
0.6,-0.02,37.1,-15,0.719
0.6,-0.02,37.1,-5,0.446
0.6,-0.02,37.1,5,0.197
0.6,-0.02,37.1,15,0.036
0.6,-0.02,37.1,25,0.113
0.6,-0.02,37.1,35,0.281
0.6,-0.01,12.1,-15,3.611
0.6,-0.01,12.1,-5,2.466
0.6,-0.01,12.1,5,1.487
0.6,-0.01,12.1,15,0.867
0.6,-0.01,12.1,25,1.107
0.6,-0.01,12.1,35,1.713
0.6,-0.01,18,-15,2.472
0.6,-0.01,18,-5,1.751
0.6,-0.01,18,5,1.128
0.6,-0.01,18,15,0.731
0.6,-0.01,18,25,0.893
0.6,-0.01,18,35,1.286
0.6,-0.01,25.2,-15,1.655
0.6,-0.01,25.2,-5,1.26
0.6,-0.01,25.2,5,0.902
0.6,-0.01,25.2,15,0.677
0.6,-0.01,25.2,25,0.793
0.6,-0.01,25.2,35,1.042
0.6,-0.01,30,-15,1.409
0.6,-0.01,30,-5,1.085
0.6,-0.01,30,5,0.788
0.6,-0.01,30,15,0.599
0.6,-0.01,30,25,0.695
0.6,-0.01,30,35,0.9
0.6,-0.01,37.1,-15,1.218
0.6,-0.01,37.1,-5,0.941
0.6,-0.01,37.1,5,0.69
0.6,-0.01,37.1,15,0.526
0.6,-0.01,37.1,25,0.601
0.6,-0.01,37.1,35,0.767
0.6,0,12.1,-15,4.104
0.6,0,12.1,-5,2.96
0.6,0,12.1,5,1.981
0.6,0,12.1,15,1.36
0.6,0,12.1,25,1.601
0.6,0,12.1,35,2.206
0.6,0,18,-15,2.98
0.6,0,18,-5,2.26
0.6,0,18,5,1.637
0.6,0,18,15,1.24
0.6,0,18,25,1.401
0.6,0,18,35,1.794
0.6,0,25.2,-15,2.168
0.6,0,25.2,-5,1.773
0.6,0,25.2,5,1.415
0.6,0,25.2,15,1.19
0.6,0,25.2,25,1.306
0.6,0,25.2,35,1.555
0.6,0,30,-15,1.936
0.6,0,30,-5,1.611
0.6,0,30,5,1.314
0.6,0,30,15,1.126
0.6,0,30,25,1.222
0.6,0,30,35,1.426
0.6,0,37.1,-15,1.759
0.6,0,37.1,-5,1.482
0.6,0,37.1,5,1.231
0.6,0,37.1,15,1.067
0.6,0,37.1,25,1.141
0.6,0,37.1,35,1.307
0.6,0.01,12.1,-15,4.599
0.6,0.01,12.1,-5,3.454
0.6,0.01,12.1,5,2.476
0.6,0.01,12.1,15,1.855
0.6,0.01,12.1,25,2.096
0.6,0.01,12.1,35,2.701
0.6,0.01,18,-15,3.49
0.6,0.01,18,-5,2.77
0.6,0.01,18,5,2.146
0.6,0.01,18,15,1.749
0.6,0.01,18,25,1.911
0.6,0.01,18,35,2.304
0.6,0.01,25.2,-15,2.681
0.6,0.01,25.2,-5,2.287
0.6,0.01,25.2,5,1.928
0.6,0.01,25.2,15,1.703
0.6,0.01,25.2,25,1.819
0.6,0.01,25.2,35,2.068
0.6,0.01,30,-15,2.463
0.6,0.01,30,-5,2.138
0.6,0.01,30,5,1.841
0.6,0.01,30,15,1.653
0.6,0.01,30,25,1.748
0.6,0.01,30,35,1.953
0.6,0.01,37.1,-15,2.3
0.6,0.01,37.1,-5,2.023
0.6,0.01,37.1,5,1.772
0.6,0.01,37.1,15,1.608
0.6,0.01,37.1,25,1.683
0.6,0.01,37.1,35,1.848
0.6,0.02,12.1,-15,5.093
0.6,0.02,12.1,-5,3.949
0.6,0.02,12.1,5,2.97
0.6,0.02,12.1,15,2.349
0.6,0.02,12.1,25,2.59
0.6,0.02,12.1,35,3.195
0.6,0.02,18,-15,3.999
0.6,0.02,18,-5,3.279
0.6,0.02,18,5,2.656
0.6,0.02,18,15,2.259
0.6,0.02,18,25,2.42
0.6,0.02,18,35,2.814
0.6,0.02,25.2,-15,3.195
0.6,0.02,25.2,-5,2.8
0.6,0.02,25.2,5,2.442
0.6,0.02,25.2,15,2.216
0.6,0.02,25.2,25,2.333
0.6,0.02,25.2,35,2.582
0.6,0.02,30,-15,2.989
0.6,0.02,30,-5,2.665
0.6,0.02,30,5,2.368
0.6,0.02,30,15,2.179
0.6,0.02,30,25,2.275
0.6,0.02,30,35,2.48
0.6,0.02,37.1,-15,2.841
0.6,0.02,37.1,-5,2.565
0.6,0.02,37.1,5,2.313
0.6,0.02,37.1,15,2.15
0.6,0.02,37.1,25,2.224
0.6,0.02,37.1,35,2.39
0.6,0.03,12.1,-15,5.588
0.6,0.03,12.1,-5,4.443
0.6,0.03,12.1,5,3.464
0.6,0.03,12.1,15,2.844
0.6,0.03,12.1,25,3.084
0.6,0.03,12.1,35,3.69
0.6,0.03,18,-15,4.509
0.6,0.03,18,-5,3.789
0.6,0.03,18,5,3.165
0.6,0.03,18,15,2.768
0.6,0.03,18,25,2.93
0.6,0.03,18,35,3.323
0.6,0.03,25.2,-15,3.709
0.6,0.03,25.2,-5,3.314
0.6,0.03,25.2,5,2.956
0.6,0.03,25.2,15,2.731
0.6,0.03,25.2,25,2.847
0.6,0.03,25.2,35,3.096
0.6,0.03,30,-15,3.517
0.6,0.03,30,-5,3.192
0.6,0.03,30,5,2.895
0.6,0.03,30,15,2.707
0.6,0.03,30,25,2.802
0.6,0.03,30,35,3.007
0.6,0.03,37.1,-15,3.382
0.6,0.03,37.1,-5,3.106
0.6,0.03,37.1,5,2.855
0.6,0.03,37.1,15,2.691
0.6,0.03,37.1,25,2.765
0.6,0.03,37.1,35,2.931
0.6,0.04,12.1,-15,6.082
0.6,0.04,12.1,-5,4.938
0.6,0.04,12.1,5,3.959
0.6,0.04,12.1,15,3.338
0.6,0.04,12.1,25,3.579
0.6,0.04,12.1,35,4.184
0.6,0.04,18,-15,5.018
0.6,0.04,18,-5,4.298
0.6,0.04,18,5,3.675
0.6,0.04,18,15,3.278
0.6,0.04,18,25,3.439
0.6,0.04,18,35,3.833
0.6,0.04,25.2,-15,4.223
0.6,0.04,25.2,-5,3.828
0.6,0.04,25.2,5,3.47
0.6,0.04,25.2,15,3.245
0.6,0.04,25.2,25,3.361
0.6,0.04,25.2,35,3.61
0.6,0.04,30,-15,4.044
0.6,0.04,30,-5,3.719
0.6,0.04,30,5,3.423
0.6,0.04,30,15,3.234
0.6,0.04,30,25,3.33
0.6,0.04,30,35,3.535
0.6,0.04,37.1,-15,3.924
0.6,0.04,37.1,-5,3.647
0.6,0.04,37.1,5,3.396
0.6,0.04,37.1,15,3.232
0.6,0.04,37.1,25,3.307
0.6,0.04,37.1,35,3.472
0.9,-0.04,12.1,-15,2.01
0.9,-0.04,12.1,-5,0.866
0.9,-0.04,12.1,5,-0.112
0.9,-0.04,12.1,15,-0.504
0.9,-0.04,12.1,25,-0.168
0.9,-0.04,12.1,35,0.493
0.9,-0.04,18,-15,0.886
0.9,-0.04,18,-5,0.167
0.9,-0.04,18,5,-0.456
0.9,-0.04,18,15,-0.694
0.9,-0.04,18,25,-0.471
0.9,-0.04,18,35,-0.04
0.9,-0.04,25.2,-15,0.067
0.9,-0.04,25.2,-5,-0.327
0.9,-0.04,25.2,5,-0.684
0.9,-0.04,25.2,15,-0.789
0.9,-0.04,25.2,25,-0.635
0.9,-0.04,25.2,35,-0.359
0.9,-0.04,30,-15,-0.147
0.9,-0.04,30,-5,-0.469
0.9,-0.04,30,5,-0.764
0.9,-0.04,30,15,-0.85
0.9,-0.04,30,25,-0.723
0.9,-0.04,30,35,-0.494
0.9,-0.04,37.1,-15,-0.308
0.9,-0.04,37.1,-5,-0.582
0.9,-0.04,37.1,5,-0.83
0.9,-0.04,37.1,15,-0.91
0.9,-0.04,37.1,25,-0.809
0.9,-0.04,37.1,35,-0.622
0.9,-0.03,12.1,-15,2.48
0.9,-0.03,12.1,-5,1.336
0.9,-0.03,12.1,5,0.357
0.9,-0.03,12.1,15,-0.034
0.9,-0.03,12.1,25,0.301
0.9,-0.03,12.1,35,0.963
0.9,-0.03,18,-15,1.366
0.9,-0.03,18,-5,0.647
0.9,-0.03,18,5,0.024
0.9,-0.03,18,15,-0.214
0.9,-0.03,18,25,0.009
0.9,-0.03,18,35,0.441
0.9,-0.03,25.2,-15,0.56
0.9,-0.03,25.2,-5,0.167
0.9,-0.03,25.2,5,-0.19
0.9,-0.03,25.2,15,-0.295
0.9,-0.03,25.2,25,-0.141
0.9,-0.03,25.2,35,0.135
0.9,-0.03,30,-15,0.331
0.9,-0.03,30,-5,0.008
0.9,-0.03,30,5,-0.287
0.9,-0.03,30,15,-0.373
0.9,-0.03,30,25,-0.245
0.9,-0.03,30,35,-0.016
0.9,-0.03,37.1,-15,0.152
0.9,-0.03,37.1,-5,-0.121
0.9,-0.03,37.1,5,-0.37
0.9,-0.03,37.1,15,-0.45
0.9,-0.03,37.1,25,-0.348
0.9,-0.03,37.1,35,-0.162
0.9,-0.02,12.1,-15,2.949
0.9,-0.02,12.1,-5,1.805
0.9,-0.02,12.1,5,0.827
0.9,-0.02,12.1,15,0.435
0.9,-0.02,12.1,25,0.771
0.9,-0.02,12.1,35,1.432
0.9,-0.02,18,-15,1.846
0.9,-0.02,18,-5,1.127
0.9,-0.02,18,5,0.504
0.9,-0.02,18,15,0.266
0.9,-0.02,18,25,0.489
0.9,-0.02,18,35,0.921
0.9,-0.02,25.2,-15,1.055
0.9,-0.02,25.2,-5,0.661
0.9,-0.02,25.2,5,0.304
0.9,-0.02,25.2,15,0.199
0.9,-0.02,25.2,25,0.353
0.9,-0.02,25.2,35,0.63
0.9,-0.02,30,-15,0.809
0.9,-0.02,30,-5,0.486
0.9,-0.02,30,5,0.191
0.9,-0.02,30,15,0.105
0.9,-0.02,30,25,0.233
0.9,-0.02,30,35,0.462
0.9,-0.02,37.1,-15,0.613
0.9,-0.02,37.1,-5,0.34
0.9,-0.02,37.1,5,0.091
0.9,-0.02,37.1,15,0.011
0.9,-0.02,37.1,25,0.113
0.9,-0.02,37.1,35,0.299
0.9,-0.01,12.1,-15,3.431
0.9,-0.01,12.1,-5,2.286
0.9,-0.01,12.1,5,1.307
0.9,-0.01,12.1,15,0.915
0.9,-0.01,12.1,25,1.251
0.9,-0.01,12.1,35,1.911
0.9,-0.01,18,-15,2.356
0.9,-0.01,18,-5,1.636
0.9,-0.01,18,5,1.013
0.9,-0.01,18,15,0.773
0.9,-0.01,18,25,0.995
0.9,-0.01,18,35,1.426
0.9,-0.01,25.2,-15,1.582
0.9,-0.01,25.2,-5,1.187
0.9,-0.01,25.2,5,0.829
0.9,-0.01,25.2,15,0.723
0.9,-0.01,25.2,25,0.876
0.9,-0.01,25.2,35,1.152
0.9,-0.01,30,-15,1.343
0.9,-0.01,30,-5,1.019
0.9,-0.01,30,5,0.722
0.9,-0.01,30,15,0.634
0.9,-0.01,30,25,0.76
0.9,-0.01,30,35,0.987
0.9,-0.01,37.1,-15,1.158
0.9,-0.01,37.1,-5,0.881
0.9,-0.01,37.1,5,0.63
0.9,-0.01,37.1,15,0.547
0.9,-0.01,37.1,25,0.646
0.9,-0.01,37.1,35,0.83
0.9,0,12.1,-15,3.979
0.9,0,12.1,-5,2.834
0.9,0,12.1,5,1.855
0.9,0,12.1,15,1.463
0.9,0,12.1,25,1.798
0.9,0,12.1,35,2.459
0.9,0,18,-15,2.921
0.9,0,18,-5,2.201
0.9,0,18,5,1.577
0.9,0,18,15,1.338
0.9,0,18,25,1.56
0.9,0,18,35,1.991
0.9,0,25.2,-15,2.151
0.9,0,25.2,-5,1.756
0.9,0,25.2,5,1.398
0.9,0,25.2,15,1.292
0.9,0,25.2,25,1.445
0.9,0,25.2,35,1.721
0.9,0,30,-15,1.927
0.9,0,30,-5,1.603
0.9,0,30,5,1.306
0.9,0,30,15,1.218
0.9,0,30,25,1.344
0.9,0,30,35,1.571
0.9,0,37.1,-15,1.758
0.9,0,37.1,-5,1.481
0.9,0,37.1,5,1.23
0.9,0,37.1,15,1.147
0.9,0,37.1,25,1.246
0.9,0,37.1,35,1.43
0.9,0.01,12.1,-15,4.528
0.9,0.01,12.1,-5,3.383
0.9,0.01,12.1,5,2.404
0.9,0.01,12.1,15,2.012
0.9,0.01,12.1,25,2.347
0.9,0.01,12.1,35,3.008
0.9,0.01,18,-15,3.486
0.9,0.01,18,-5,2.766
0.9,0.01,18,5,2.143
0.9,0.01,18,15,1.903
0.9,0.01,18,25,2.125
0.9,0.01,18,35,2.556
0.9,0.01,25.2,-15,2.721
0.9,0.01,25.2,-5,2.326
0.9,0.01,25.2,5,1.968
0.9,0.01,25.2,15,1.862
0.9,0.01,25.2,25,2.015
0.9,0.01,25.2,35,2.29
0.9,0.01,30,-15,2.512
0.9,0.01,30,-5,2.187
0.9,0.01,30,5,1.891
0.9,0.01,30,15,1.803
0.9,0.01,30,25,1.928
0.9,0.01,30,35,2.156
0.9,0.01,37.1,-15,2.358
0.9,0.01,37.1,-5,2.082
0.9,0.01,37.1,5,1.83
0.9,0.01,37.1,15,1.747
0.9,0.01,37.1,25,1.847
0.9,0.01,37.1,35,2.031
0.9,0.02,12.1,-15,5.076
0.9,0.02,12.1,-5,3.932
0.9,0.02,12.1,5,2.953
0.9,0.02,12.1,15,2.561
0.9,0.02,12.1,25,2.896
0.9,0.02,12.1,35,3.557
0.9,0.02,18,-15,4.052
0.9,0.02,18,-5,3.332
0.9,0.02,18,5,2.708
0.9,0.02,18,15,2.468
0.9,0.02,18,25,2.691
0.9,0.02,18,35,3.121
0.9,0.02,25.2,-15,3.291
0.9,0.02,25.2,-5,2.896
0.9,0.02,25.2,5,2.538
0.9,0.02,25.2,15,2.432
0.9,0.02,25.2,25,2.584
0.9,0.02,25.2,35,2.86
0.9,0.02,30,-15,3.096
0.9,0.02,30,-5,2.772
0.9,0.02,30,5,2.475
0.9,0.02,30,15,2.387
0.9,0.02,30,25,2.513
0.9,0.02,30,35,2.74
0.9,0.02,37.1,-15,2.959
0.9,0.02,37.1,-5,2.683
0.9,0.02,37.1,5,2.431
0.9,0.02,37.1,15,2.348
0.9,0.02,37.1,25,2.447
0.9,0.02,37.1,35,2.631
0.9,0.03,12.1,-15,5.625
0.9,0.03,12.1,-5,4.48
0.9,0.03,12.1,5,3.501
0.9,0.03,12.1,15,3.109
0.9,0.03,12.1,25,3.444
0.9,0.03,12.1,35,4.105
0.9,0.03,18,-15,4.617
0.9,0.03,18,-5,3.897
0.9,0.03,18,5,3.273
0.9,0.03,18,15,3.034
0.9,0.03,18,25,3.256
0.9,0.03,18,35,3.687
0.9,0.03,25.2,-15,3.861
0.9,0.03,25.2,-5,3.466
0.9,0.03,25.2,5,3.108
0.9,0.03,25.2,15,3.002
0.9,0.03,25.2,25,3.155
0.9,0.03,25.2,35,3.431
0.9,0.03,30,-15,3.682
0.9,0.03,30,-5,3.357
0.9,0.03,30,5,3.06
0.9,0.03,30,15,2.972
0.9,0.03,30,25,3.098
0.9,0.03,30,35,3.325
0.9,0.03,37.1,-15,3.56
0.9,0.03,37.1,-5,3.283
0.9,0.03,37.1,5,3.032
0.9,0.03,37.1,15,2.949
0.9,0.03,37.1,25,3.048
0.9,0.03,37.1,35,3.232
0.9,0.04,12.1,-15,6.173
0.9,0.04,12.1,-5,5.029
0.9,0.04,12.1,5,4.05
0.9,0.04,12.1,15,3.658
0.9,0.04,12.1,25,3.993
0.9,0.04,12.1,35,4.654
0.9,0.04,18,-15,5.182
0.9,0.04,18,-5,4.462
0.9,0.04,18,5,3.839
0.9,0.04,18,15,3.599
0.9,0.04,18,25,3.821
0.9,0.04,18,35,4.252
0.9,0.04,25.2,-15,4.432
0.9,0.04,25.2,-5,4.037
0.9,0.04,25.2,5,3.679
0.9,0.04,25.2,15,3.573
0.9,0.04,25.2,25,3.725
0.9,0.04,25.2,35,4.001
0.9,0.04,30,-15,4.267
0.9,0.04,30,-5,3.942
0.9,0.04,30,5,3.645
0.9,0.04,30,15,3.557
0.9,0.04,30,25,3.683
0.9,0.04,30,35,3.91
0.9,0.04,37.1,-15,4.16
0.9,0.04,37.1,-5,3.884
0.9,0.04,37.1,5,3.632
0.9,0.04,37.1,15,3.549
,,,,
